Uni_id,seq,length
A0A059TC02,PEQMVEPAVIGTKNVINAAAE,20
A0A059TC02,WYCYGKMVAEQAAWEEAKEK,19
A0A096P8D3,LGMVEGLIGAMNHAADVH,17
A0A096P8D3,RDRTHAFTTKMRTVIHQLFR,19
A0A0B5LB55,VKTVAETCIVWLQQEMDRFRQTERQWKEDR,29
A0A0C6DRW4,PVAVARGLAEKWRATAVERDRA,21
A0A0C6DRW4,FAPIAQLIFANVYLGIAHGALDAAREYTRT,29
A0A0C6DRW4,PYTIRSYGEFTIALQGADAAAREAAHLLQTVWD,32
A0A0C6DRW4,PEDRGELMVKVSGVKALATNAALNISSGVFEVI,32
A0A0H2WWV6,DVLAAEFGSKARENIIEK,17
A0A0J5ZXG5,WQFSAQIYKTFLKCASDIIRD,20
A0A0J5ZXG5,KNTSAARCALKINSAVLD,17
A0A166U5H3,PQFNKVFNRSMAGHSTITMKKI,21
A0A1L5YRA2,PEQAQDVHAKLRQWLRDN,17
A0KLG5,KEDVKMGLAQFKLDSQWLLEA,20
A3DIH0,MDEYGRIAEETARAMKMI,17
A3DIH0,SDDLDDFIRSVIATCDYIKAKK,21
A6NK06,DRVIQRSKRMILDTLGAGFLG,20
A6NK06,GLDLLLAFNVGIEVQGRLL,18
A6NK06,PPSVVGTLGSAAAASKFL,17
A6NK06,KPLHIGNAAKHGIEAAFLAM,19
A6NK06,STHWVADAAASVRKHLVA,17
A6XH05,LMRAAGMIDQVKMMLQE,16
A6XH05,PTVLELAKLDFNMVQAQFQQELKEASRWWNST,31
A6XH05,GYERIMLTKINALVTTIDDVFD,21
A6XH05,PYMQICYLALFNFVNEMAYDTLRDK,24
A6XH05,TPYLRKVWVGLIESYLIEAKWYYK,23
A6XH05,DIVRASCTILRLADDMG,16
A6XH05,EEAREHVRSLIDQTWKMMNKEMMT,23
A6XH05,KYFVEVSANLARMAQWI,16
A8FNH9,EDKLRKNCELLASVGEKS,17
B0XMC1,REEQDQYAIQSYQRAQAAWK,19
B2J528,ADVIRGVQASCDYINNAVET,19
B2J528,SVMTGIAANCVYDAKVLLALTMGVHALAIQG,30
B2J528,LAQFIGPIVDGVSEITKQIEVEM,22
B2J528,QYVGVTMDRLRYYIGLLAKHIDVQIALLV,28
B2J528,KGLQISGNSIMPLLSFY,16
B2J528,GYISANLTRRSVDIFQNYMAIALMFGVQAVDLRTYKMK,37
B8GZM2,DVMLFARVRSLTRFKLVIDELRQRE,24
B8GZM2,PQELSARVKTQIQRKRYTDYLR,21
B8GZM2,HDIGDEVLREFALRLAS,16
B8GZM2,PEALLKRADEGVYQAKA,16
C4B644,VRRMNELEPRITEIADGLLAG,20
C4B644,KNAAMGKLHGYLSDLLERKRT,20
C4B644,AQLARLEGRVAIGRLFAD,17
C6XZB6,PKVGREAITSIIDTLET,16
C6XZB6,SRGIGLFMVTGAIVYDW,16
C6XZB6,GMSYLNVRFTNDLFALWILDRM,21
D4GTL2,IDDWKKADEFFTIVEHE,16
E1XUJ2,IKYSIAFYAYGLASVALI,17
E1XUJ2,IMYKGHLNLMYGLYQLVT,17
E1XUJ2,EAEHAHLTRIIHDEIAA,16
E1XUJ2,VQCNSVAYLSLWVYDRLH,17
E9P8D2,DSLINYLFKLFNLEIES,16
F2WP51,NKEVREQLSLQRDMYRYINDETLRLAN,26
F2WP51,QAAKNMQADALEQLGYQ,16
F9VN79,NNVAEYSGLICLMETMLRL,18
G7JFU5,PALLEKAQNRVIDAALTFIRERAKFKGELMRSL,32
G7JFU5,ITALVAAKLVRELAAKM,16
I6LNY0,KDDVRKGLAAFNEQTDWLIKH,20
J8G6Z1,QGNRGRINQIILDEFSRK,17
J8G6Z1,SIKMDPYIKALSGDLVS,16
J8G6Z1,EADFEYRVRKQELFISDLSR,19
L0DSL2,EDQALYAIDYIKNYTHGKIVKSEYWLAKMIDLFPVAKRA,38
L0DSL2,EDVLNQARELHYDAHLYWEWWTA,22
L0DSL2,PDQARESLMTSISKSKEAVSLLNDAIDAQ,28
O06644,DSNSGMHLMIGILAALEMRHKT,21
O09460,ASEWEVKAKDLAERFQKNF,18
O23736,LHQTCAEVNSHLYQVKAVA,18
O23736,EADMIRKFRAGLALQPIATAL,20
O23736,LKHVAEDVLKLAKDGLERR,18
O24164,VGKALSSGCNAADLVISYL,18
O28029,ERVRRIVAESSKLAGIM,16
O28029,VEELEGIVVPLEKVYSLADHTRCILFMLG,28
O28029,GAGYLARLMIRRSLRLAEE,18
O28029,LSTVQEILELEKERYRTTVSKGTRLVERLVERK,32
O28029,SDVRWRHMRHHSATHVLLYSLQKVL,24
O28029,LPKTVERFFEEWKDQRKEIERLKSVIADLWADILM,34
O28597,PEKVWKWYAWRMEKVFN,16
O28597,AGEVMDELVRHVRKALS,16
O31775,GSPGRDMVKEYVPKLKTKY,18
O34327,QDLLLYFSLMEFRHRIMLDKL,20
O34327,EIEKAEFLFKVAEVYYH,16
O34327,TYFSMNYASQALDIYTK,16
O34327,HEKALTHLCSALEHARQL,17
O34327,AYMIAAAYYNVGHCKYSL,17
O34327,YKEAEGYFKTAAAIFEE,16
O34327,YDKAVEAYDRGIKSAAE,16
O34327,LADAEDLLHDTAERFNQ,16
O34327,YESAAFFYRRLMNIKKKLAE,19
O34513,KPFLETAQLIDEHKHILNDRIKEELK,25
O34530,QDTEDTIQAYAEDYRNI,16
O34559,YHQGVFLCGVLRLWEAT,16
O34559,DGLYMGGPFALKYANLK,16
O34559,ELFDQVVLQESLMRKHT,16
O34559,NRHVWKNTLQDMIKSIC,16
O34559,LHGAGAFILAMTELEPLFRS,19
O35543,ELEQCQVDAVVDTLDDFM,17
O44750,DHEMQGMRNSHLRDSAALVEFLCWLEKELL,29
O44750,KEFILHNTLVLKGHINLA,17
O44750,EEEINWLNQYHARVLKEVGEHLQK,23
O48782,VEGYLRFLVDSKLVYDTLELIIQ,22
O49523,QDLREYIIHYGEMAQAGYDT,19
O52063,HEEIKRHVIEHAHMQVL,16
O52063,GTVGVYSINRLAQKTIE,16
O57767,EEIARKARKAIERMLEM,16
O58328,GKPIKLVREHLKILNDL,16
O58328,EHVRDALLFSALAAATKAMK,19
O58966,WDEILRLVKALKISTEK,16
O60930,NQRAEIHAACKAIEQAKT,17
O67082,ETLEFLGDALVNFFIVDLLVQ,20
O67082,ETIIGDVFEALWAAVYID,17
O67082,ANFTRELFYKLFKEDILSAIK,20
O81192,ERHLDRKAELIVQVRILLK,18
O81192,DTLELAREFATKCLQKK,16
O81192,PLIFELAKLNFNIIQATHQQELKDLSRWWSRL,31
O81192,GYQRKMAATIIVLATVIDDIYD,21
O81192,YYMQLCYWGVHNYISDAAYDILKEH,24
O81192,LQYLRKSVVDLVEAYFHEAKWYHS,23
O81192,EEEAVEHVKFLIREAWKDMNTAIA,23
O81192,DGMVAGAANIGRVAQFI,16
O87198,IPRIIEEAKEVIAYIREA,17
P00341,RLNLVQRNVNIFKFIIPDIVKH,21
P00341,KLHKDVVDSAYEVIKLK,16
P00341,PDEEQQLQKSATTLWDI,16
P00343,RLDLVNKNLKILKSIVDPIVD,20
P00343,DHEEESMQKSASQLKKVLTDA,20
P00344,VDKNIAIFRSIVESVMAS,17
P00344,AQKDLERIFVNVRDAAYQIIEKK,22
P00344,DDEKNRFHHSAATLKSVLAR,19
P00349,AGHFVKMVHNGIEYGDMQLICEAYHLMKD,28
P00349,KKSFLEDIRKALYASKIISYAQGFMLLRQAATEF,33
P00349,DFFKSAVENCQDSWRRAISTGVQA,23
P00357,CTTNCLAPVAKVLHENF,16
P00357,FGYSQRVIDLLKHMQKVD,17
P00362,CTTNCLAPFAKVLHEQF,16
P00511,AFDRILGSRMGVEAVMALL,18
P00511,PFDRNFATKMGAKAMNWMAGKIK,22
P00512,AFDRVLASRLGARAVELLLE,19
P00875,WRDRFLFCAEALYKAQAET,18
P00875,NAPGAVANRVALEACVQARN,19
P00876,WRDRFLFCAEALYKAQAET,18
P00876,NAPGAVANRVALEACVKARN,19
P00877,WRDRFLFVAEAIYKAQAET,18
P00877,NAPGAAANRVALEACTQARN,19
P00935,LVPRMELAQRNAQAIVKYL,18
P04042,MLAYSEMIAEKVRTAAR,16
P04717,WRDRFLFCAEAIYKSQAET,18
P04717,NAPGAVANRVALEACVQARN,19
P04842,YTTALLIGEKTATLVGED,17
P05725,QKQANLVLKIIEQLPSA,16
P05725,PDKFLEVCTWVDQIAAL,16
P06150,RLQLLDRNAQVFAQVVPRVLEA,21
P06150,PEEREALRRSAEILKEAAFAL,20
P06534,ASRVERAIRHAIEVAWS,16
P06738,DMAAYEAASMSIRDNLVIDWNKTQQKFTTR,29
P06738,AQGKELRLKQQYFWCAASLHDILRRFKK,27
P06738,PRHLEIIYDINWFFLQDVAKK,20
P06738,EFLKKWNQVKLNNKIRLVDLIKK,22
P06738,QQLNVFGIIYRYLAMKNMLK,19
P06738,YMAKLIIKLINCVADIV,16
P06738,VSDDFESYLATHELVDQEFHN,20
P06875,TWHLFYGYGYVVAQDRLFQMEMARRSTQ,27
P06875,PEDMSILQGYADGMNAWIDKVNT,22
P06875,QQEVVLAALEDTWETLSKRY,19
P07313,RWKKNFIAVSAANRFKKISS,19
P07547,TNIGSIYTPSFEEAFRKAAAE,20
P07547,EEEFTALEENAETILKAVR,18
P07547,EEILKARILASARHKAYVVS,19
P07547,HGECVAIGMVKEAELARH,17
P07662,APSAFYGYGWAQARSHGDNILRLYGEA,26
P07662,PDFRANLDAFAAGINAYAQQ,19
P07662,PKAAVDQLRTAIANTKRKY,18
P08159,VSELAGLLTSLLDALNE,16
P08170,GVESTIWLLAKAYVIVNDSCYHQL,23
P08170,PYAADGLEIWAAIKTWVQEY,19
P08170,SKALQAFQKFGNKLKEIEEKLVRRNN,25
P08308,TRELRYLLDLSRDLKRAKY,18
P08308,AFEQAENRMHTIKAILVSTL,19
P08836,AESLRCALAVGWCIELFQAFFLVADDIMD,28
P08836,DAINDSFLLESSVYRVLKKYC,20
P08836,YVHLLELFLQTAYQTELGQMLDLIT,24
P08836,KEEHENAKAILLEMGEYFQIQDDYLDCF,27
P08836,MRAAFQQYEESSYRRLQELIEKH,22
P09186,GVESSIWLLAKAYVVVNDSCYHQL,23
P09186,PYAVDGLEIWDAIKTWVHEYVFLY,23
P09186,TRALEAFKRFGNKLAQIENKLSER,23
P09367,PLIWEGHTSLVKELKET,16
P0A006,WSEFQRVRDEIKLAIEKFK,18
P0A2X8,AHAQQQALVQTSAYLVHLIK,19
P0A2X8,LDTCVAMTQGSIGYWLSNALNQELNK,25
P0A6B9,RFGWQAEEAVDIARNQIADLV,20
P0A6B9,VHQIVGMGEAYRIAKEEMATEMERLRGLRNRLWNGI,35
P0A6B9,EEEIDYTIELVRKSIGRLR,18
P0A6M4,PDRAEALYDYFVERCRQ,16
P0A6Q6,GVLILEAMAQATGILAFKS,18
P0A898,DDEAEEMEALETEIMLA,16
P0A8I1,PLTARARKFANRIHGRF,16
P0A9D2,KPTVRAQLEKKLQYVNEA,17
P0A9H3,AEDIANKIKQTTDEYINTI,18
P0A9H3,GNAGKRLINGSIERAIKFRKEIKRLRTE,27
P0A9H3,KTKALSLLRALTDFKRAFD,18
P0A9J4,RAELWRKLAVNCVINPLTAI,19
P0A9J4,PQEIMQICEEVAAVIERE,17
P0A9J8,PLLALREKISALDEKLLALLAERRELAVEVGKAKLLS,36
P0A9J8,IDRERDLLERLITLGKA,16
P0A9J8,AHYITRLFQLIIEDSVLTQQALL,22
P0A9W3,YSSWLEQKDQRLAQEASQEAARRKSIEKELEWV,32
P0AFB5,PDQIEQVLLNIVRNALQAL,18
P0C0G6,CTTNCLAPMAKALHDAF,16
P0C0G6,MSYTAQLVRTLEYFAKI,16
P0C0K3,IDQMEAVGRYLGRMHQTG,17
P0C0K3,KAAFLKATDELIAAVTAH,17
P0C0K3,IEPLRAMRLVYYLAWLMR,17
P0C0K3,EDYWLRQTATFIEQAKV,16
P0CB53,SKAVLNQAVADLSVAHSILHQVHWY,24
P0CB53,FMIWHPKMDEYMEEIDGYLDEMSERLIT,27
P0CB53,IEEQLARVVEVFRYLAALFQKGFDVSDEE,28
P0CB53,SVTNDIFNVAKASIEKHIWMLQAE,23
P0DJL7,LVDTTEMYLRTIYELEEE,17
P0DJL7,PTGRTLATAVMRKHRLAERLLTD,22
P0DJQ5,GLEGEENAREVREAVARA,17
P0DJQ5,AGEFEEALHTAALALVKDIAS,20
P0DKY4,VILHSRILWFYSNAYMTL,17
P0DKY4,DELLDNAKHAYEFIKNN,16
P0DKY4,TYNIAFAIYALSSYYRAS,17
P0DKY4,KEALALAYRPFEDIEKN,16
P0DKY4,MNAILHLIEAYTELYKAD,17
P0DKY4,YGHDIEATWLMDRACDVL,17
P0DKY4,EDLKKQFAEMDLKISHNIQDI,20
P0DKY4,EKFLESAKSVWENIKEY,16
P10026,FSATASMLLELGLRVHEAQ,18
P10026,QTEFNKLLLECVVKTQSSVAKILGIES,26
P10026,YANMVEDIREKVSSEMERF,18
P10880,VADVVAAEGWPGFRRRESEALQAV,23
P10880,GRPIAEEMEAVLREREALYQDV,21
P11064,DADFETVYQQCVRCCRAFLEKV,21
P11071,PRGLELLIAQTILQGFDAQYGRFLEVTS,27
P11071,WHAVQQAMKNRIHLYDHHVGLVVEQLRCIT,29
P11071,QKHAKTESYREYLVYLQG,17
P11071,GQQLRDAIEEYGNAIRQLAA,19
P11155,ERFAYDSFRRFLDMFGNV,17
P11155,ASDLKELVGQYKEVYLSAK,18
P11155,PQAYDELVENCNILESHY,17
P11155,LELRQQALDRLLTYQRSDFEGIFRA,24
P11155,PELTEMQARAIFEAAIAMT,18
P11155,PQELGHQVTLIRQVAEKVFANV,21
P11383,WRDRFVFCAEAIYKSQAET,18
P11383,NAPGAAANRVALEACVQARNE,20
P11544,AVSASMATLALHDAHMLSLLSQSLTAMTVEA,30
P11544,SPQWLGPLVSDLIHAHAVLTIEAG,23
P11544,AAVANTMEKTRLGLAQIGKLNFTQLTEM,27
P11544,KGLDIAAAAYTSELGHL,16
P11544,ALISARRTTESNDVLSLLLATHLYCVLQAIDLRAIEFEFKKQFGPAIVSLIDQHF,54
P11544,LRDELVEKVNKTLAKRL,16
P11544,LVPRWHDAFSFAAGTVVEV,18
P11544,LAAVNAWKVAAAESAISLTRQVRETFWS,27
P11558,ERKTEFVNAGKEVAAKR,16
P11558,TTSRWSAMQIGMSMISA,16
P11558,PVRVSLDVVATGAMLYD,16
P11558,MDTVLDVATEVTFYGLEQYEE,20
P11558,GSQRAAVVAAAAGCSTAFAT,19
P11558,AQTGLSGWYLSMYLHKEQH,18
P11560,AAPLVTATAFVQAIINEF,17
P11560,TLQAAALSTILEQTAMFE,17
P11560,LAMWNAYAAAGLMAATMVNQGAA,22
P11562,VEAVEIMQRIHVLRSQGGFN,19
P11986,KWTHLQRIRRDIQNFKEE,17
P11986,DSLLATPLIIDLLVMTEFCT,19
P12425,AVRSCDDIQTFKLVVKTIARK,20
P12425,ETAKHFIAGIVKHATSFTAVT,20
P12425,PYLALSVLLAAGLDGIK,16
P12425,EHLFEHFIEAKEIEWDMFRT,19
P12995,GSVAVEVAMKMALQYWQAK,18
P13001,PDVLAGFQQQLSDDFQRTVERFLA,23
P14081,NDRIVEFANMIRDLDQEC,17
P14218,CIPSKALLDSSYKYHEAKE,18
P14218,VPAMVARKANIVKNLTGGIATLFKAN,25
P14565,RLIDAHNQAVDFAVRQVE,17
P14565,QIAFGRLYREKLKEQVEA,17
P14611,REAQDEFAVGSQNKAEAAQK,19
P14697,TSLFNVTKQVIDGMADR,16
P14697,TNYSTAKAGLHGFTMALAQEV,20
P14779,MKGYHAMMVDIAVQLVQKWE,19
P14779,VPEDMTRLTLDTIGLCGF,17
P14779,DENKRQFQEDIKVMNDLVDKIIADRKAS,27
P14779,DENIRYQIITFLIAGHETTSGLLSFALYFLVK,31
P14779,QQFALHEATLVLGMMLKH,17
P14779,FEGTYEEWREHMWSDVAAY,18
P14779,MAPAVEATLMKSYADVH,16
P15705,YETAISTLNDAVEQGRE,16
P15705,YKVISKSFARIGNAYHK,16
P15705,ADILTKLRNAEKELKKAEAEAY,21
P15705,YASALETLDAARTKDAEVN,18
P15802,DEELKQVLSQLGRVIEER,17
P16100,EAPALATYSLLPIIKAFTG,18
P16100,KNALRNFIAAEIEDAKKQ,17
P16100,EAKQKEIEADIQAVYAQ,16
P16100,RCYAGVYQVVIEDCKQH,16
P16100,DAPIQDWVKLAVNRARAT,17
P16100,LGEFLALAASLEHLGNA,16
P16100,PKALVLASTLDQATGKILD,18
P16100,NRGSHFYLALYWAQALAA,17
P16115,RLQLLGRNARVMKEIARNVSKY,21
P16115,SKILENFAEKTKRAAYEIIERK,21
P16115,EEELEAFRKSASILKNAINEIT,21
P16243,GEEYDELIEEFMSAVKQFY,18
P16243,GTASVVLAGLLAALKMV,16
P16243,EAGTGIAELIALEISKQT,17
P16243,IRKISAHIAAAVAGKAYE,17
P17067,FAELCTHCEKEAVNASLGNL,19
P17585,AREFDDCCNEFWMVSTYVVKGLA,22
P17585,VRPNLLRMMAWHIASQK,16
P17585,YQEMWKSLFTCYALFRKYSKAVSEGL,25
P17606,RAALLDINGQIFADQGKALNAV,21
P17606,DFLWERIKKSEAELLAEKKC,19
P17721,CTTNSIAPIVKVLHEKF,16
P17952,RHNALNAAAAVAVATEE,16
P18326,VKRIKGMRPEVEEVVHGFLDEMLAA,24
P18326,AQSALTARNDLAGYLDGLITQFQT,23
P18326,REELISTAMLLLIAGHETTASMTSLSVITLL,30
P18326,QNLARLELEVILNALMDR,17
P18925,CIPSKALLDSSYKFHEAH,17
P18925,VPTMIARKDQIVRNLTGGVASLIKAN,25
P18925,AHKASEEGVVVAERIAG,16
P19080,EEEILQKTKQLLEKIIEEN,18
P19624,NGHYVVETLARACDGCL,16
P19624,PALLHEVIAILHHDLRT,16
P19624,GSFITALNLAIKMIVNT,16
P19866,CTTNCLAPFVKVLDQKF,16
P20035,NGVIKNRIEKLAYDIKKVY,18
P20035,RGFFTALLKHLSRIHNYS,17
P20136,EVEKQRVDVLENHLMDLRMAFARLCY,25
P20136,FEKLKPAYLEQLPGKLRQLSRFL,22
P20456,PWQECMDYAVTLAGQAGEVVREALK,24
P20456,ATDQKVEKMLITSIKEK,16
P20582,GRPMFEHASQTLVRIAGEMLAA,21
P21170,PQILQHRLRSINAAFKRARESY,21
P21170,IRDIATGVRESARFYVELH,18
P21170,LNEYANNIIWAIGDACEEN,18
P21170,LREWLHDSQMDLHDIHIGYS,19
P21170,LQERAWAEQLYLSMCHEVQKQ,20
P21310,QASTAYALRGLFYAEDLYAAAIACGGLSVEA,30
P21310,QPQVMGACLTQLRQAAEVLGIEA,22
P21310,EPVAMAADNLALAIAEIGSLSERRISLMM,28
P21310,MIAQVTAAALASENKAL,16
P21310,APAAGKRLWEMAENTRGVLAIEWLGACQGLD,30
P22221,ARFAYDSYRRFLDMFGNV,17
P22221,AADLKDLVEKYKNVYVEAK,18
P22221,PEAYKELVENCEILERHY,17
P22221,PEQRKVALDLLLPYQRSDFEGIFRA,24
P22221,PELTEMQVRAIFQAAVSMT,18
P22221,PQELRHQISVIRGVAANVFAEM,21
P22337,SWAIWTRAWTAEENRHGDLLNKYLYLS,26
P22337,PYLGFIYTSFQERATFISHGNTARQAKE,27
P22337,IKLAQICGTIAADEKRHETAYTKIVEKLFEI,30
P22337,AEGQKAQDYVCRLPPRIRRLEE,21
P23202,LADQSQINAWLFFQTSG,16
P23202,ASAVERYTDEVRRVYGVVEMALAERREALV,29
P24095,DSTIWLLAKAHVIVNDSGYHQL,21
P24095,PYAVDGLEIWDAIKTWVHEYVSLY,23
P24095,KKALEAFKRFGSKLTGIEGKINAR,23
P24224,PVRFLAKRFAVKEAAAKA,17
P24232,PEQYNIVGEHLLATLDEMF,18
P24232,QEVLDAWGKAYGVLANVFINREAEIYNENAS,30
P24300,DSEREEHVKRFRQALDDT,17
P24300,RDVRRYALRKTIRNIDLAVE,19
P24300,VRDALDRMKEAFDLLGEYVTSQ,21
P24300,FDGVWASAAGCMRNYLILKERAAAFRA,26
P25080,QGIVQGTYETFVEAGRQH,17
P25080,PAAVVKAAKQSMAVHVQAMLDFQK,23
P25080,DEAAERIARVLTNDPGTGVMRHAD,23
P25306,PGVIKGQGTIGTEINRQ,16
P25536,AQQYVVRLAREKARAGVA,17
P25910,ELIEHTKQIVNQYIEST,16
P26697,LKERALIDMYVGGTDDLMG,18
P26697,AEDKVKQCAFVVEKATS,16
P26918,RQTRDLMKSDWAEIVAFTRKG,20
P27000,EKAQRKLEEGLPLLKELYPRLRA,22
P28593,CVPKKLMVTGAQYMEHLRE,18
P28593,WKKLIAVKDEAVLNINKSYEEMFRD,24
P29082,PKTFEMFASVGPKVCMVT,17
P29422,RMLLGRAFAYHDAQLYR,16
P30694,LVEYDALLLDKFLDILQDLH,19
P30694,EDLKEAVQQCYELSAEYEGK,19
P30694,TGDSIVIAKAFSHMLNLANLAEELQIAY,27
P30694,RSLLQKHGRIRNCLAQL,16
P30694,PDDKQELDEALHREIQAAF,18
P30694,IWKGVPKFLRRVDTALK,16
P30694,PEVTRDVCLLARMMTSNMYFSQIEDLMIE,28
P30694,PYRVILGDVRDKLYNTRERSRHLLVD,25
P30694,VEQLLEPLELCYRSLCD,16
P30694,RFSAAWQLYKTQEQIVKIAKE,20
P30694,EHLCFRTLQRFCAATLEHGM,19
P30694,PEWRELMDQMAVVATEEYRSVV,21
P30694,RPFGESLRANYEETKNYLLKIA,21
P30694,PYLKQGIRLRDPYITTLNVCQAYTLKRIR,28
P31572,TADYFSGLTATTAALAALHKVRET,23
P31992,EQQKAALAADITDVIIRHL,18
P32055,PADFIYQNMMIESNIIHAAHQ,20
P32055,EPYAIAKIAGIKLCESYNRQY,20
P32131,HKADQYLDALEQEIVHR,16
P32131,PQQKLDILQETIAFLTQ,16
P32356,TDVARGMVEHFIFEINHY,17
P32356,PDAVDLLKRAFQASIKEYKT,19
P32356,IDLNSLLYKYEIDIADFIKEF,20
P32356,SAMWKEMAKIRQEKITKYM,18
P32356,LTVTNRLAYRWLFMMTKAFVD,20
P32396,SPLAQITEQQAHNLEQHLNEI,20
P32396,PKFVTYWVDRVKETYAS,16
P33160,LTAQARYAAGTREILECFFE,19
P33198,DESISGFAHSCFQYAIQK,17
P33198,IASIFAWTRGLEHRGKLD,17
P33198,QDLIRFAQTLEKVCVETVE,18
P33198,TSDFLDTIKSNLDRALG,16
P33224,LCPITMTFAATPLLLQM,16
P33224,LKMGGMTRFDCALGSHAMMRRAFSLAIYHAHQ,31
P33224,PLMRHVLSRMALQLEGQTALLFRLARAWD,28
P33224,AKEALWARLFTPAAKFVICKRGMPFVAEAMEVL,32
P33224,GREITHQLFLLGCGAQMLKY,19
P34945,DLALYELALLRFAMDFMAR,18
P34945,LEASDRAFQELLENAEEILRL,20
P36156,AEVYESEVNNVFEHLDKVEKILSDKYSKLKAKY,32
P37177,PALERERLTGALEEAANEFRRYSKRF,25
P37177,AEWAVKTVIEKFAEQFA,16
P37570,EQDIVEDLNSVAAQLIEQERSAREAIYQT,28
P37570,KIELEDRVYRSYGVLSN,16
P37570,PNERDIRRAALIRERLHLEMNGKRQEDES,28
P37672,GNLTAKKMMDRAIELAADH,18
P37672,WKGSGMSIVLDMIATLLS,17
P37945,EDEALMRTLLDHFDQYIKISKKISAETYAAVT,31
P37945,VKDRLNKVIDFINNEKEVLEI,20
P37945,RSLERQLAAICRKAAKAIV,18
P38238,HDLDEYVQQQLIMSALQLTACI,21
P38502,RKAELALEIFAYKVKKFIGEYSAV,23
P39016,SSNVVEKFIKKLFRIITGFIV,20
P39016,DDVINASMNILLTTIDIFTV,19
P39016,YGNFCNDFSLKIGNLIVLTKEL,21
P39040,CVPKKLMVTGANYMDTIRE,18
P39040,WKALIAAKNKAVSGINDSYEGMFA,23
P39099,SNMARTLAQQLIDFGEI,16
P39644,FTNSMMNAALINASKNISIQL,20
P39662,QGQQQQALARAVYAYAEN,17
P39662,PNSLMAVLKNIANKHASL,17
P39662,DDIISAWAQAYGNLADVLMGMESELYERSA,29
P39958,RPSFERILLYCQSVARY,16
P40732,GTEANETAFKLARHYACVR,18
P40732,PEVLQGIHTKRQQFVQHLQAIDEQF,24
P40732,EADIHEGMQRFAQAVGKVVA,19
P40859,VPLALRSQELWYELEKE,16
P40927,QAYDDLLDEFMEAVTSRY,17
P40927,QGTASVAVAGLLAALRIT,17
P40927,IQQVSLKIAVRIAKEAYR,17
P42321,KMLQGRLFSYGDAHRYRL,17
P43122,AHIHHQARIGPLTERALI,17
P43122,PGSLSGGLDFAKGLAVAW,17
P43122,EREIRSIAYQVQESVFDHIINKLKHVLKS,28
P43313,TFEILKHLQADAIVLFMKVHNFHWN,24
P43313,FFNVHKATEEIYEEFADMFDDLAERIVQ,27
P43313,SKDIFKEILEDYKYLEKEFKELSNTAEK,27
P43313,KVTVTYADDQLAKLQKSIWMLQAH,23
P43889,RLQLAALERYFQNKQASKLLL,20
P45359,REEQDEFALASQKKAEEAIK,19
P45359,IGASGARILVTLVHAMQKR,18
P45947,EEEKWAFFQRVRDEIGNRLKEFAET,24
P46489,RADLLDINGQIFAEQGKALNAV,21
P46489,DYLSKKIKKSEDELLAEKKC,19
P47016,LTKNLKVVKELISEAIQ,16
P47016,SPKFIRQLQSSITDLVRDN,18
P47016,IKTGEAHWELLGRARAVDT,18
P48534,PDYQKAIEKAKRKLRGFIAEK,20
P49235,SIVEDYTYFAKVCFDNF,16
P49235,EPYTAGHNILLAHAEAVDLYNKH,22
P49235,YKRLDYIQRHIATLKESID,18
P51541,EYQAVREMQDGILEMIKMEKA,20
P51691,DEERAKSARAMEVYAAMVERMDWNIGRVVDYLRR,33
P51691,PGKLAELIEHWKRYVSET,17
P51697,SDLDRLASRAAIQDLYSDKLIAVDK,24
P51900,QDDIQKRIRELAAELTEFY,18
P52699,SLLKLTLEQAVKGLNES,16
P52700,CKAYADAAEQKFDGQLAKETA,20
P53090,GFTQVLVNATLSRWGQKGYLDWLLGLRHEYTLKRDCAIDALYKY,43
P53090,PEKLTEGLKRLGDTLYEE,17
P53555,GAEAMEIALKMAFQYWKN,17
P53555,PDECRDQCLRELAQLLEEH,18
P53555,IVEQVAEKSKKLHFLLQDL,18
P53555,AEELSEMVAIMKQAIHEVT,18
P54375,RTAVRNNGGGHANHKLFWT,18
P54512,PSMEDYIEQIYMLIEEK,16
P54512,SKGKKIGKRLVYRHELLEQFLRI,22
P54987,DGIIRRSKRMILDSLGVGFLG,20
P54987,GLDLLLAFNVGIEVQGRLM,18
P54987,PPSVVGTLGSAAAASKF,16
P54987,KPLHIGNAAKHGMEATFLAM,19
P54997,PGLVQRLVDAAVDAGLWA,17
P55132,KKINGFEVLGEVAWLWA,16
P55132,KKLASKIFQQYHFELMSELKNKQ,22
P55818,ALGIGGLKLKLHRACIAKL,18
P56511,VNKNLNILSSIVKPVVD,16
P56511,DDDLAKLEDGVRNKAYDIINLK,21
P56511,ADELKKMQDSAATLKKVLNDGLAEL,24
P58315,EWKMFEELARIKRDAVKF,17
P61615,NELGRINKIIAEVAEKF,16
P61615,KESLEQFFRKIIFELKAAMML,20
P71002,QDLHLYYSLMEFRHNLMLEYL,20
P71002,ARLTGLLEYYFNFFRGMYELD,20
P71002,RIEKAEFFFKMSESYYY,16
P71002,NIRLLQCHSLFATNFLD,16
P71002,YEDAISHFQKAYSMAEA,16
P71002,PQLMGRTLYNIGLCKNS,16
P71002,YEDAIPYFKRAIAVFEE,16
P71002,IDKAHEYHSKGMAYSQKA,17
P71002,YADLEDFAIDVAKYYHE,16
P71021,EDEVNEFLAQVRKDYEIVLRKKTELEAKVN,29
P71447,AEEFKELAKRKNDNYVKM,17
P72156,PEDVAVAVRLYCAEAVR,16
P72156,PERELAFLEEAQSRATAILQR,20
P74881,PWPGAATGSGGEIRDEG,16
P74881,ALDIMTEGPLGGAAFNNEF,18
P74881,RTTLRVWWAETTWQMQRLR,18
P75430,TIEKSHLDQKINQKLVAFL,18
P75864,SQYGAMKVKDAIVDAFT,16
P75864,EAIWQEVKAEAQTRARKGLAE,20
P75864,PALIALHSLLGRIMKNQ,16
P75864,EDYTNRLRKNLKKFEKWARQE,20
P75864,KARQRLFDIIAATISVL,16
P76364,DADAYHLDQAFPLLMKQLELMLTS,23
P76491,VSEHSLQVAMVAHALAAIKNRK,21
P76491,DEEKSLVKQADALCAYLKCLEELA,23
P76562,DAGKQLAEREHYRLRRDAQALAQWN,24
P76562,RKMLLVRQREEAAQALF,16
P77182,EALNRFFSNAFTFARRFYDQ,19
P77218,AAQLADIALASAETWRAIT,18
P77366,SQERAQLAYRKNLLYVHSLR,19
P77425,ITHFRQAIEETLPWLSS,16
P77425,QFGALAAWLAIDWLKTQY,17
P77425,TVYAFSRICHQSVEKAKRM,18
P77425,AAVLRDFTQQLENDMRAICDEM,21
P77425,ITDLAEGVKTLALMLYQLA,18
P77555,REHAATVAEVLVYADAR,16
P77555,GQVAAKMGMEHAIKTAQQN,18
P78055,PAVDAAVAKFEQDWQGAF,17
P80019,YDTACMTAMDAIDKIRDTASS,20
P80019,VSDRVLASKLGSEAVHLLL,18
P80197,KSTMQQLGSLMALDVIV,16
P80197,EGSISMQEGFLATVRECAS,18
P80197,LDAFERELLSWQESLQKC,17
P80702,GGNLAYAGSKNALTVAVRK,18
P81186,WDEALDLMASRFRSSIDMY,18
P81535,KEEIEIIEKACEIADKAVMAAIEE,23
P81535,EKQREIYEIVLEAQKRAVEA,19
P82974,DAQYQQLAAVTNALITR,16
P94388,YYRGVYLDAVRALEVISS,17
P94692,VQEAHDMALVAHLAAIES,17
P94692,NPYYLKVPGIVAEYMQKVASLT,21
P94692,GEKIVKMNTDAVDQAVTS,17
P94692,AAEYGFGMNMSMFARRTHLADLAAKAL,26
P94692,PEDAKRLRAQVAHELDVRFKELEHMAA,26
P96022,FENGIELARKIKQEILEKE,18
P96086,IHEEFLQMYDEAWKLARDN,18
P96086,RFIRYRSWVEANRRYVHER,18
P96142,MGHALDNSLQDALIRYKR,17
P96142,KFLERVWQWKEESGGTILKQLKR,22
P96142,LRWLEMARNFANKLYNAARFVLLS,23
P96142,LADRFMRSRLSRGVEEITALY,20
P96142,AHTLRTLEEVLAVLLKLL,17
P96142,EEAERAFEALKQAVTAVRALKAEA,23
P96142,VEEWRRRQEKRLKELLALAERSQRKL,25
P96142,VVEAEEARLKENLEQAERIREALSQ,24
P97030,YHDVLREKLDLLEDFLK,16
P97030,EEAKLEIEKGIELLKASGMTK,20
P9WMN3,RVQLAELASELNRRVVAAHQL,20
P9WNG3,GPAVFRWAAFKMGDVGRRAMDAA,22
P9WPB3,QLHYARTLDMWATALEA,16
P9WPB3,QTVYDRYMKYLTGCAKLFR,18
P9WPP7,LEQFLRDTANSLLDNLITE,18
P9WPP7,PAAKINWDRDIEYMAGILE,18
P9WPP7,DELFATIGVTFFGAGVISTGSFLTTALISLI,30
P9WPP7,SALGRRHAQIGIEALLKK,17
P9WPZ3,GPAGFADTHATAEAVAAALSDW,21
P9WPZ3,QADLDEAVLRVCDDLCAQLQA,20
P9WQ81,GSVSVEVAAKMALQYWRG,17
P9WQ81,PAEITQITSAMVEVARLV,17
Q00441,AEQRGQAAREVVNFILDLVERRRT,23
Q00441,ADELTSIALVLLLAGFEASVSLIGIGTYLLLT,31
Q00441,RPLAKLEGEVALRALFGR,17
Q01292,EEGKKDFQAAYSASYYPSMDILYECYEDVAS,30
Q01292,PFTAGVYVALMMAQIEILRKK,20
Q01292,TTARLGSRKWAPRFDYILSQ,19
Q01770,PETAALQDALIYVTKGLGQIATRLRA,25
Q01770,DDILAERVRMTCAAKKELAA,19
Q01770,DDVRSLRWLITFGLKGMAAYAKHADV,25
Q01770,VADLVALTLETGKFGVSAMALLDAANTGTY,29
Q02169,PEENVQWLAKQKAKAVADL,18
Q02323,LDARQAMLAMEVPRLAKEAAEKAIQEW,26
Q02323,VPDLISANIENCMVEAF,16
Q02635,DFIGRNKEIFQGRRDLVVSML,20
Q02635,EALLEEACRRIQRFCAA,16
Q06069,PRSLQNWEPRIQEIADELIG,19
Q06069,VDKLKQVAAKEYYQYLYPIVVQKRL,24
Q06069,DDEVVRTTMLILGAGVETTSHLLANSFYSLLY,31
Q06069,APLARLEAKIALTAFLKK,17
Q06749,KDITDMERGATKLVTQYMRS,19
Q06749,DGDLACALNWMSAWARA,16
Q06749,HTGKSMRKWALGSLSGAYMRLKF,22
Q06749,AEQSREIEDWFARLGTQVVRDW,21
Q06749,NHSYWAAWSVMSTAVVT,16
Q06749,RDLFDWAVSEFKVAANQ,16
Q06749,ALAYHNYALPPLAMIAAFAQV,20
Q06749,ENHGALQRLAERVMKGVD,17
Q07607,FAAALKLQDRLMPLHRA,16
Q07785,SVTAKSFLLQLLNGIAYCHD,19
Q09128,DKKINEVLADFLERMDEL,17
Q09128,LYSELNKWSFESICLVLY,17
Q09128,KVWQAHTLAWDTIFKSVKPCIDNRLQR,26
Q09128,KKELYAAVTELQLAAVETTANSLMWILYNLS,30
Q09128,RRLAELQLHLALCWIIQK,17
Q09LX1,PMRRTMDQYGRVVKQIAEET,19
Q0ZIH5,FRPIAQLIFANVYLGIAHGALDAAREYTRT,29
Q0ZIH5,PYTIRSYGEFTIALQGADAAAREAAHLVQTVW,31
Q0ZIH5,PEDRGELMAKVSGVKSLATNAALNISSGVFEVI,32
Q12051,KDQLAIVSQIVELLHNSSLLIDDIE,24
Q12051,VPSTINTANYMYFRAMQL,17
Q12051,EPLYHNLITIFNEELINLHRGQGLDIYWRD,29
Q12051,VPFINLLGIIYQIRDDYLNLK,20
Q12051,SLAYTKNFINQLVNMIK,16
Q17CS8,YFNSISGELMAKRDYMASFLAEV,22
Q1XH05,EPYTAGHHILLAHAEAVQLFKAR,22
Q1XH05,WKRLDYLQRHISAVKDAID,18
Q21FJ0,DAYAEQLNADKTNLDAFM,17
Q21FJ0,YTHEQHKRNYKAIRNAGFLYQVT,22
Q21FJ0,EKYLTFAKDLLLAYAKM,16
Q21FJ0,NHGTWAVAAVGMTGYVL,16
Q21FJ0,PYYQRYALMPFIWFAKAIETN,20
Q26997,GGLVKDRVEKLAYDIHRTY,18
Q26997,RGFFNLLIDYLATIQKY,16
Q28943,TVESVNDGKQASWYIHKYIQAQ,21
Q28943,GPYLEQRKKIIAEEKMRLKE,19
Q28960,TYGVTKIGVSVLSRIYARKLREQ,22
Q2YQA5,ALDLGALLCSRICHDIISPVGAINNGLELLEE,31
Q2YQA5,DEDAMALIKSSARNASARLQFARIA,24
Q2YQA5,KNKVKLLLNMLLIGNGA,16
Q38710,DEKRIETLISEIKNMFRC,17
Q38710,AYDRILATLACIITLTL,16
Q38710,TIMEEAKLCTERYLRNA,16
Q38710,EKYLELAKLDFNKVQSIHQTELQDLRRWWKS,30
Q38710,SKCREVYTKTSNFTVILDDLY,20
Q38710,QQMKICFVGFYNTFNDIAKEGRERQ,24
Q38710,LGYIQNVWKVQLEAYTKEAEWSE,22
Q38710,RFLQLMGLTGRLVNDTKTYQAERGQ,24
Q38710,EEEALQHVYSVMENALEELNREFVN,24
Q38710,DIYKRLVFETARIMQLF,16
Q38802,YHDRLINTLACVVALRS,16
Q38802,EILKNAKEFSYNYLLEKRE,18
Q38802,NGYLELAKQDYNNCQAQHQLEWDIFQKWYEE,30
Q38802,SHERMVWAKSSVLVKAISSSF,20
Q38802,VQASRLAGVLIGTLNQMSFDLFMSH,24
Q38802,NNLLYLSWGDWMEKWKL,16
Q38802,EKTIKSMEKEMGKMVELAL,18
Q38802,RDVSITFLDVAKAFYYFALC,19
Q3M5Z3,TDILQGIQASCDYINNAV,17
Q3M5Z3,SVMTGIAANCVYDTQILTAIAMGVHALDIQA,30
Q3M5Z3,LPQYLGPIVDGISQIAKQIEIEI,22
Q3M5Z3,QYVGMGMDHLRYYIGLLAKHLDVQIALLA,28
Q3M5Z3,KGLQICGNSIMPLLTFY,16
Q3M5Z3,GYTSATLARRSVDIFQNYVAIALMFGVQAVDLRTYKKT,37
Q40577,NQVAEKYAKEIEALKEQTRNML,21
Q40577,NVLLRFAKLDFNLLQMLHKQELAQVSRWWK,29
Q40577,SQARVMLVKTISMISIVDDTFDA,22
Q40577,DYMKISYKAILDLYKDYEKE,19
Q40577,VCHAIERMKEVVRNYNVESTWFIE,23
Q40577,KILEASVIICRVIDDTATYEVEKS,23
Q40577,TKEAMAKFQNMAETAWKDINEG,21
Q41635,ILAVMNHMQEATLNHAKS,17
Q42736,ARFAYDSYRRFLDMFGNV,17
Q42736,AADLKDLVEQYKNVYVEAK,18
Q42736,PEAYRELVENCKILERHY,17
Q42736,PEQRKAALDLLLPYQRSDFEGIFRA,24
Q42736,PELTEMQVRAIFQAAVSMNN,19
Q42736,PQELRHQIGVIRGVAANVFAEM,21
Q43088,QLLKTTVSVKEYVKNECLKLEQE,22
Q43088,RDNEELLCKAVREACKSAL,18
Q43088,SRLAIAVGIREGEKMVLQQIDGIFEQKEL,28
Q45493,LINDAQELISNHLQKVM,16
Q45493,WSEIKNEITDTLAPFLYEKT,19
Q46896,VEQLRGIEGSRVRATYALLAKQY,22
Q46896,TINQCISAATSCLYGVTEAAILA,22
Q46AN5,VPDRILTLLEEKIEAAQ,16
Q46AN5,PQSARIFRTFEKIVLEE,16
Q46AN5,KEEVLKCAEELHDRYMHIFND,20
Q47155,WSECEAIIERLYPELERRLAKV,21
Q47898,PQQACKEAVERIVKIVNR,17
Q4D3W2,VEENVAMVRRLAPVAQEK,17
Q50925,ERFARSYLDLMDKGTLEGLAKYQEANAIVHKMYED,34
Q50925,WGPMNRAYVEIQDEYTKMQELSALQARVNKLE,31
Q51372,YELAKKNYLATIARFRQ,16
Q51372,PHGARRSAKIVAETLKQ,16
Q51742,AEEIWTILETAKMFKIWQKI,19
Q51742,VWDQAENRLHAQKAVLALVMG,20
Q51945,GLEVLPEGIRVLEAAALKH,18
Q51945,RRGVDRILKYAFDLAEK,16
Q51945,ERYQRAHDDMLNAIERVIAD,19
Q52675,WDQALDLVAAEVKRVEETY,18
Q52675,EMGWIKSFYDDAAKQGKA,17
Q52VH2,SETMNALFRGVVQATEEALVNQLVA,24
Q54468,DSSQRFVDKVIGEIAQMHKE,19
Q54468,TQALEKDWLRFANILGQ,16
Q54S83,QLFGEMIGIWCVATWEAM,17
Q54S83,LAGLAISQQIANRIDKS,16
Q55080,PQKLQTLETFIRETTRSLLD,19
Q55080,IFELGKKYLELIGYVKDH,17
Q55080,NETTTNLISNSVIDFTR,16
Q56232,QEASRAFVEMAREAYRRRRDLLLEGLTAL,28
Q56268,GPEIVAAARQVLDAVDQAA,18
Q57366,WDEALDLVARELKRVQESY,18
Q57366,EMGWISSFYEAAVKQAEF,17
Q57834,LDEIRKIGDYNKKVFEA,16
Q57834,VAEVIYPIMQVNDIHYL,16
Q57834,PMDLKNAVAEELIKILEPIRKRL,22
Q58597,PEGTAIGAVEEIEKVANQL,18
Q58597,PETAVKVLKDIESILKE,16
Q58992,VPKFIRDVSIKQHEWMR,16
Q58992,YIDEVETLCIELSKELF,16
Q58992,HKAGLAIALAEMLEFGEAYAKQVIKNAKALAQALY,34
Q58999,KEELEECLEFSTILASTKAKL,20
Q58999,LGDTISSGAFVYYVSLLNKKR,20
Q59196,AVYEAVHNEAQARLLAL,16
Q59196,GLEGVQQANRKKASLIYDAID,20
Q59196,YESCEALVQFMEHFKRSR,17
Q59337,KMLQGRTFSYSDTQRYR,16
Q59337,ADYGQRVREGIQAKEAEMK,18
Q59HN8,QDLLIYYSLMCFRHQLMLD,18
Q59HN8,KKLTGLLKYYSLFFRGMYEFD,20
Q59HN8,DIEKAEFHFKVAEAYYH,16
Q59HN8,SIRTIQSLFVIAGNYDD,16
Q59HN8,YDKALPHLEAALELAMD,16
Q59HN8,DRFIAISLLNIANSYDRS,17
Q59HN8,DQMAVEHFQKAAKVSREK,17
Q59HN8,HAYIEACARSAAAVFES,16
Q59HN8,FEQAAAFYRKVLKAQEDILKG,20
Q5AME2,PQYSKLTDDFKTNLSEK,16
Q5AME2,ARQFINGMAEVVKTAAIW,17
Q5AME2,EEEFTRLENFSKKFLSVV,17
Q5AME2,KAELVKTVLESVRVKAGVV,18
Q5AME2,HGECVSIGMIKEAELSRY,17
Q5JGC2,AIGWKWAKAIVNSVINGLGTVL,21
Q5JGC2,PHLEGISVDIAREGCMVAQQ,19
Q5JGC2,PRNELLWVLVKAKERINR,17
Q5JTZ9,RDVAEALRLSKDIGRLIEAVE,20
Q5JTZ9,QWQRRELLATVKMLQRRANTAIRKLQMGQAAKKTQELLER,39
Q5P5G4,EYERTMTAVLDAYLQRSMQNDIGATWDKLRA,30
Q5P5G4,TIEAAALIRYIVDENMASAIKREVHM,25
Q5P5G4,YEHFNQTVDTMIERARQELRS,20
Q5P5G4,AEDALKVYQAFETEFSEA,17
Q5P5G5,PAQFEIGFQRTNDILDEGMDVFV,22
Q5P5G5,PSMIAVDLKARCTTADRVRTRIIELCERE,28
Q5P5G5,ADYVTGLFRKMLQVAEAGARELIE,23
Q5P5G5,DETSRLRAAEHDARRKR,16
Q5SHN6,PELLDLVEMEVRDLLNQ,16
Q5SIC2,EKARAPLKVQAALVRGFRRYLDR,22
Q5SIC2,EEDLMRLEEALLAEMLEEALNT,21
Q5SIY4,GPEVTEAALKVLRALDEAE,18
Q5SIY4,VELARKVEDAVAKALLE,16
Q60176,RMDLAKTNAKIVGKYAKKIAEI,21
Q60176,KDEIIAFRKSAEIIKKYCEEV,20
Q65XK0,EEGKKEFNKAYSASFYPCMDILYECYEDVAS,30
Q65XK0,PFTAGVYVALMMAQIEVLRK,19
Q65XK0,TTARLGSRKWAPRFDYILTQ,19
Q68G84,AEQCRARVETCSSWVQRKAE,19
Q68G84,SFATAVASTVMYDANVLLLLVETLCGMFCEVI,31
Q68G84,SPQWLAPLVQTIRDATTTVETEV,22
Q68G84,SAVGFYMDYVRIAVAGLGKLLFAQFTELM,28
Q68G84,KGLDIAMAAYSSELQYL,16
Q68G84,ALISARKTEEALDILKLMIASHLTAMCQAVDLRQLEEALVKVVENVVSTLADE,52
Q68G84,DTLVDRLAEFEKRLSDRLENEMTAVRVLY,28
Q6G7I0,PSNKLAAVIGVVGEVVTTMAITVARE,25
Q6GH13,DTDTKVLREAYDTFKAG,16
Q6GIL8,CTTNSLAPVAKVLNDDF,16
Q6GIL8,MSYTAQLVRTLAYLAEL,16
Q6GZ04,AEQCRARVETCSSWVQRKAE,19
Q6GZ04,SFATALASTVMYDANVLLLLVETLCGMFCEVI,31
Q6GZ04,SPQWLAPLVQTIRDATTTVETEV,22
Q6GZ04,SAVGFYMDYVRIAVAGLGKLLFAQFTELM,28
Q6GZ04,KGLDIAMAAYSSELQYL,16
Q6GZ04,ALISARKTEEALDILKLMIASHLTAMCQAVDLRQLEEALVKVVENVVSTLADE,52
Q6GZ04,TDTLVDRLAEFEKRLSDRLENEMTAVRVLY,29
Q6LFH8,GAEASETAYKLCRKWGYE,17
Q6LFH8,LCENADKLGAPFLQNLKEQ,18
Q6LFH8,KEQLDECTEIIVKTVKFFDD,19
Q6QWR1,AAEDARIWKDLYAQAKEII,18
Q6QWR1,QDDRARARRMMDDMCNIA,17
Q6QWR1,TLTSICYAIRASNDIIAKF,18
Q6WNP1,FAPIAQLIFANVYLGIAHGALDAAREYTRT,29
Q6WNP1,PYTIRSYGEFTIALQGADAAAREAAHLLQTVWD,32
Q6WNP1,PEDRGELMVKVSGVKALATNAALNISSGVFEVI,32
Q746I8,AERVAAWIGDYLEELRTALFAI,21
Q74P24,ALKVLENATSRIRSIAM,16
Q74P24,YTSYSNKYIADALHEINLV,18
Q74P24,KRVSDIIDEITRIKEEREQA,19
Q7A1N5,CFELLSMVTYADKLKSLIKK,19
Q7A1N5,QQRKKIESLLSRVNKRITEANNE,22
Q7L5Y1,GVVHLATAAVLNAVWDLWAKQE,21
Q7M537,LKDRIRLWKRLYVNAFENALNA,21
Q7M537,EVRDALLFASLAAAAKAMK,18
Q7M537,IGDTISSSAFVSEFGMR,16
Q7MSJ8,QKQVYNEVMGWQTPVKDKFTQVKVGIQGLYSL,31
Q7MSJ8,PSDKTRVYELIEKAQDTVDLIEKD,23
Q7MSJ8,FKYTKQRLDAAVEYINEAQRIMKK,23
Q7WG29,TATLNAIHDKMHRALAQ,16
Q7WTU0,WDKALDMLADKIIALRV,16
Q7WTU0,EAEFAKLMVRYLTAPLW,16
Q837U7,KEEMHYLVDLSLKIKEAIK,18
Q837U7,CFDEAENRLTSIRGLLVYLMNDYEAK,25
Q86BW2,EPQDKVCDACRMKCHKACRAA,20
Q86KR9,RNINYLLDKLDLIKNEFDNV,19
Q8BHA3,KEEGSELYSQFVSLCEKAVA,19
Q8C0L6,LELMTEMARLFYGLIER,16
Q8C0L6,RKRKLAILNTFFNIECCVS,18
Q8C0L6,THGALLSGWREADRLVSLWDS,20
Q8GXX0,KEDLGRATWTFLHTLAAQ,17
Q8GXX0,RQQKKDVKELMTILSRM,16
Q8GXX0,QEEFSQWLCHVHNTVNRS,17
Q8GY88,ESVFREKETEALKKLSLM,17
Q8GY88,YTAALNRLSTIWDARGEAY,18
Q8GY88,PAEIAIEAFEQVQSYLE,16
Q8IIS0,PNEALIFYNKIIDEFKKQ,17
Q8J136,ADADDAEWDRLYTKAESYF,18
Q8J136,RTSKEAEDMMTDMCVMS,16
Q8J136,TLTAMSLAIKSCEYIKQN,17
Q8K3F7,IYGVSKVHTELMGEYYYYR,18
Q8KES3,KGTFFLTQALFALMERQ,16
Q8KES3,SIYCMSKFGQRGLVETMRLYA,20
Q8KNP3,PDEINNALVLLSEIDEFMREQDRL,23
Q8KNP3,WKEVANDNVVSTLHEINIIPEN,21
Q8KNP3,RYISLAREGKELAEKQE,16
Q8LAH7,IPGIVNDFRLAARNAMEA,17
Q8LAH7,LQNRCKFPLEIVDAVAKEI,18
Q8N0V3,EDHARLRALNGLLYKALTDL,19
Q8N0X4,PEKIKWAEELIAAFKEHQQ,18
Q8P8J2,AIDEAENRLHVQKAIMAAL,18
Q8PDX2,RLLLIEGIKLAQKTFVAAKQVL,21
Q8RNT4,LAGKLARRAVLTSKKLV,16
Q8RNT4,VDWLLKTAGVIVELIVNFVA,19
Q8RNT4,ERIAAGLSGDLEAARQVHEALLEEAKN,26
Q8RNT4,LLRFTELQTRVIALLTRVGLLVDDILKSASNL,31
Q8RNT4,SDLYWGWQMAKTVVQVAEENYHEM,23
Q8RNT4,PYRDDGLLVWNAIRQWAADYVAVY,23
Q8RNT4,PLERFQARLKEVEATIRTRNQA,21
Q8T6T2,MEGVVYQLVGGLRSCMGY,17
Q8TGA0,AFDRIYATLQGVEAVNAVLE,19
Q8TGA0,SDTCLNSFMEYCDVIKQSAAA,20
Q8TGA0,PMDRVRASRFAIRAVSFIERHSDRCQTFK,28
Q8TXY4,PKDFEVAVPKIEEGAKE,16
Q8TXY4,EDKAIEATKIVVAFIVM,16
Q8U195,VILAMGDGRKAAKAIHQYLS,19
Q8U1S6,ERFVNEFLERVSKLEGDVLKEVFEDASNK,28
Q8U1S6,ESKQWAYIWQFYPVKLKEGVKEFAKS,25
Q8U1S6,QLDLWASSHLLSMLMYKALEVIVDK,24
Q8U1S6,AEKIEEEIKKRIRDFLLQLYREAVDWAVE,28
Q8U1S6,WRKIFDEKYGKDLVSKAREV,19
Q8U1S6,EEKVKEVVDFLNAAYKEI,17
Q8U1S6,TKELREKIYGEIKDLLEH,17
Q8VPD4,YRAAKADTFGYMSELLKKATDQ,21
Q8VPD4,QHGALTSARDVVTHIHERVA,19
Q8WYN0,CMLRCGQMMLAQALICRH,17
Q8XAS4,KADLERLFRLLTQRFAFLTQ,19
Q8Z9S7,RLQLSALERVFQTEQAEKLLLA,21
Q8ZQ06,SFFALHGLEEGGRLAQEAGWLMASEMI,26
Q8ZQ06,PAKALAMATRFIDGMHDA,17
Q8ZQ06,ARWKTASAQLNQLHERWQEEKA,21
Q8ZU79,KEAVEIMGAVVSSTASYVLKN,20
Q93L51,IEEAVKNYEQQMFIYGKEAQEESTQNEIEMF,30
Q93NH4,IEGALETAECAVNAILH,16
Q93UJ2,RELTYITNSIAEAQRVMAAML,20
Q93UJ2,ERLLATVRKVADACIASIA,18
Q93UJ2,TPKIQEGHLVLGHIVCGLVEHSIF,23
Q93UV0,HEKRERLWSNARALHGGLKAM,20
Q93UV0,PAQIQTVLGMFQAAGRAV,17
Q944H0,TDQFVQVLRRELEKVEK,16
Q944H0,EEDYNDIVGGWSAKLERTA,18
Q94655,CVPKKIMFNAASVHDILEN,18
Q94655,LPLLVERRDKYIQRLNNIYRQNLSK,24
Q972D2,VKTVNYVTSEAKNVIETFES,19
Q97R46,RVALATAESVMRRRINHKHMV,20
Q97W02,YREAYNLGLEIKNKILEKE,18
Q97W02,LEEIKPYLFRAIEESYYKL,18
Q97W02,KETAYSESVKLLQKILEE,17
Q97ZE2,EAYLDLLGIWASRLNAYLVMFSL,22
Q980M3,KEAKMQIELARLKYELPIIKE,20
Q980M3,TIKFYKRRINKLMKELESIK,19
Q980M3,ENLLIETLQSSFEILREI,17
Q9BQP7,KQQVFLLERWKQRMILEL,17
Q9BQP7,EDGFKEYTSNVFLQGKRFHEALESIL,25
Q9BQP7,AELCSQYWTKWLLRLEEYTEKKK,22
Q9CIV7,IDTTIEWLGKFNEKIQE,16
Q9CIV7,HGANMARGMSETMKALEV,17
Q9CIV7,PGTQSSAYLFETLLEVV,16
Q9F0R1,INDLVNATFQVKKFFRDT,17
Q9F6D4,GKRVFRWAVADVVPAAREALE,20
Q9FA38,DAKIQKYNYEATKLSIQRAV,19
Q9FR44,TDQFMQVLKRELDRVEK,16
Q9FR44,KEDYDDIVGGWKSKLERCA,18
Q9FYS3,QIVNDYKYFAELCFQSF,16
Q9FYS3,EPYTAGHHILLAHAEAVELFKAH,22
Q9FYS3,WKRLDYLQRHISAVKDAID,18
Q9H2K0,GLQILQERQRLREMEKA,16
Q9HHB6,ASSEYAERKRIAEESLRIL,18
Q9HHB6,PLHRKFFSYIVRENARVLEVRDALK,24
Q9HHB6,IEKVGKILTTAHWDLAE,16
Q9HSF6,NNQAEYDALIAALEAAAD,17
Q9HTN2,RDDAAQVAKVLSEALPYIRRF,20
Q9HTR2,AKYMEQINGMIKQHSAAQA,18
Q9HUF7,PRLKRALVEAVARMVGDMHR,19
Q9HWC1,TAEAVERGCLLMLRGFVREQYAMACELL,27
Q9HZK0,AEELAEHCGWLMATEVQA,17
Q9HZK0,PERAALLAGAFIRGMHA,16
Q9KJX5,PFGNTLTLQMADAAIDG,16
Q9KJX5,IEVEDTYLRLDRDLADFFNNLDKK,23
Q9KU37,GVELAEQGGWLMAAELI,16
Q9KU37,VQTVLKHSSAFLRGMKA,16
Q9KU37,ERWQQASANMQRLIEQF,16
Q9L9D7,VEALLGWSALIGTGLITS,17
Q9LUD9,HNSAFDFKLYMIRKAESVNAALDVS,24
Q9LUD9,EATAMSAACAVEMIHTSSLIHDD,22
Q9LUD9,EDMAVLAGDALLALAFEHMTVVS,22
Q9LUD9,EEEIEKLRKYARCIGLLFQVVDDILDVTK,28
Q9LUD9,LERSKEVAEKLRREAEE,16
Q9LYU8,EELSIIKELHIRTVKEL,16
Q9LYU8,SVILTYLEELEQLLKGIAMM,19
Q9LYU8,LRTRDYLVSFGECLSTRIFAAYLNT,24
Q9RA63,VEETISILRGLKEKYEVHH,18
Q9RA63,DKAIDLIDEAAARLRMALE,18
Q9RA63,EEIDALERKKLQLEIEREA,18
Q9RA63,QERLKAIEAEIAKLTEEIAKLRAEWEREREILRKLREAQHRLDEVRREIELAERQ,54
Q9RA63,ELPKLEAEVEALSEKLR,16
Q9RC92,QQAIGDALGITARNLKKF,17
Q9RC92,EQYREGAVRTVASFRERL,17
Q9RC92,TRGQAWGIYGFALNSRYL,17
Q9RC92,PERQRFIDAAKTTVTALRDG,19
Q9RT21,ESQVRDRLLETHYSQGLRE,18
Q9S5G5,QADFDGPHNLMMQIFTS,16
Q9S7N2,KESQVRTAKILNVLKET,16
Q9S7N2,FFKYGREMMKNRWEKLREVVK,20
Q9SKE2,ELMENTLQLFRTAFAFRNRD,19
Q9SKE2,AHGLVHAFRTFEQVWEEIVTDIK,22
Q9SRK5,PLSLRSQLPKAVSSLEWAVSE,20
Q9UBP9,TEVVRDAVRKLKFARHIKKS,19
Q9UBP9,AEEITLTIGQAFDLAYRKFLE,20
Q9V2E8,LHAVSQLKRYVDSLKEEY,17
Q9V2Z6,EHVRDALLFAALAAAAKAMK,19
Q9WVL0,PQKRAIVRMISDLIASG,16
Q9WVL0,QMQWAQKVITSGFNALEKILQST,22
Q9WXT2,YYRRVFTDAVRAVEAAA,16
Q9X0C8,SKIGRKLLEKVIECSLS,16
Q9X0X3,PYNGAATGVGGIIRDVLA,17
Q9X0X3,PFAEKMLIEAFLEMVEE,16
Q9X0X3,TYWGTLIAVLESVRKTLS,17
Q9X0X3,PVGLSAMMTALKNACEFS,17
Q9X2A4,RIDTVNVLLEALPYIKEF,17
Q9XBQ3,AVEYGRIACEAAKVMKWV,17
Q9XBQ3,SLEMDDFIRSVVAIADYVKAKK,21
Q9XG54,IPQIVNEFRVAARNAIE,16
Q9XG54,LENRCRFALEIVEAVANEI,18
Q9Y5P6,PKDFLTGMCLFLQSLRQK,17
Q9Y6R0,GERLSHAVGCAFAACLERKQR,20
Q9Y948,PEAVYREVSGIVKLAKS,16
Q9Y9L0,VDEILRIVKALKLGDSL,16
Q9Z4P0,IKLVTILAEQSADGVQWLES,19
Q9Z4P0,VADLAKTVSDYNGYVAS,16
Q9Z4P0,NAIADTVVFGRIAGDNAAKHA,20
T2G6Z9,MGNCGAAFEAVRWADKY,16
T2G6Z9,EDLIYDLGRHVDDSVHLFEEW,20
T2G6Z9,FSSGSHAEGRIVGKQMVRWYLD,21
T2G6Z9,KALLDTGFWLMEMLEED,16
T2G6Z9,LHELLRCWENYHRLWTVRLHMQHIAF,25
T2KM26,SLKGYYRMISGIDLEIKKIRDKLKE,24
U3KRF2,DRELASGLAEVVKYGLIR,17
U3KRF2,PSALAYAIKRSCENKAEVVSL,20
U3KRF2,HGEAVAAGMVMAVDMSYR,17
A0A087WNH6,DNLYGCRESLVDGIRRGT,17
A0A087WNH6,SFVMSASFTNQTLAQIELFA,19
A0A0K2VM55,TIAAWAFGLSCAMDYFET,17
A0A1C9J6A7,ETYKRRAEELKGKVKTAIK,18
A0A1C9J6A7,HLLLELAKLEFNTLQAIYQEELKDISGWWKDT,31
A0A1C9J6A7,AYCRRVLTISIALITVIDDIYD,21
A0A1C9J6A7,GYMKMCFLALYNFVNEFAYYVLKQQ,24
A0A1C9J6A7,LLSIKHAWLGLIQAYLVEAKWYH,22
A0A1C9J6A7,EEVAREHIKDMMRQMWKKVNAYTA,23
A0A1C9J6A7,RTTAEFLLNLVRMSHFMYL,18
A0A248QE08,ADLATLRKGIHWARDVAR,17
A0QQK1,EHAKLAYDVYIHRLRKYIGAYMAVL,24
A4TSJ5,RLQLSALERVFQTEQAEKLLL,20
A5F850,GCLGLDAMWQLVGFFLGW,17
A5U161,RVQLAELASELNRRVVAAHQL,20
A7B1V0,TQLEEAIKSFVHDFCAE,16
A7B1V0,PMVNCIEQEVLKWLAKQV,17
A7B1V0,SDLIGSAIEHGFQLAVWAEEAL,21
A7B1V0,KEEQDILNEKISHRILE,16
A7B1V0,QEDMQHTIDLLDQYGREIYT,19
A7LXU3,KEKWAEAIKQIQEKSMKE,17
A7LXU3,MERIDDAVARVLRLKYR,16
B0VPT6,RLQLAALEREFQKQQAKELMQQ,21
B2ACC7,YERCQLRLDIAKVRLSRWGEAV,21
B2ACC7,KSVQLAKSIVEEILLLFESAQKTSKRYELV,29
B2ACC7,PIGRALHRRLKDLVSRR,16
B2ACC7,GKSLEKIVDQVAGFVDELEK,19
B2FHY5,PWQLSQLERAWQRRAVRALCA,20
B8ZSN3,PNSFWSGVAKVVADLTPQNQSLLNSRDELQAQIDKWHRH,38
B8ZSN3,KIRGDKVIAYARKFMDQA,17
B8ZSN3,PAEVAFTCELFSRVEDVL,17
B8ZSN3,PEEIREEVDNDCQSILGYVVRWVDQ,24
B8ZSN3,SEDVRASLERMAPLVDQQ,17
C3SBW0,DEEIRGMMKIQVQKRLKWG,18
C3SBW0,KEKAMKFITYWRVFCIAHSQMYSTNNG,26
E1VBK1,EEDQQLVQDAADAAYDHTIEHI,21
E1VBK1,APQVEEKFIEMTGEQGQELLDQFKADLKA,28
E8ME30,RLELVGATVNILKAIMPNLVKV,21
E8ME30,ADKREEIHQEVKNAAYKII,18
E8ME30,DKELAALKRSAETLKETAA,18
E8RUP5,RNRWNILHTLEDLIDDLDR,18
E8RUP5,PAHRLAVYNRTIDWFRFWLM,19
F2QY27,YTTALLIGEKTATLVGED,17
G0S8G9,KAVQNEFRNRLDQVKLQFAE,19
H6LBB0,PYDLFGLETAFRLKEQL,16
H6LBB1,LYEILPELLTMIEGPEN,16
H6LBS1,QADWEAKLAEAMDRMYAKALT,20
H6LGM6,EQNKMIRKLARDFAEKE,16
H6LGM6,GFSNAMKTLDVGRLGVASQSIGVAQGALDEAIKYAKE,36
H6LGM6,QAIAFMIADMATKLEAAKLLVYNAASLMD,28
H6LGM6,TKEASMAKFYASEICNEICAKAVQIH,25
H6LGM8,PVVFELLGEGKKLANEI,16
O08349,RLDLAHKNAGIIKDIAKKIV,19
O08349,DEEIEKLRNSAKILRERLE,18
O13702,VRFLISGIGDALSTWVETESVIR,22
O13702,IAGRYIARACKDTLEKYALSAILSNTR,26
O13702,EAFENVVEANTLMSGLGFE,18
O13702,PSQIADAIKAVDSYSQKWQEQT,21
O23346,HHTNEDVALAIGTALLKAL,18
O23346,SHHIIEATFKAFARALRQAT,19
O25386,PTENLLLWIGRFLRYKCTS,18
O25386,LATKKNYRIALLGLFSYIDKQ,20
O26708,PHGFMIRKNTLKILRRIL,17
O26708,ASEAEEQVERAVEIYKEFFNS,20
O26708,IEETLRELMKDILENLRTRAWERME,24
O29634,PLVAAASIIAKVEREREIERLKEKF,24
O29689,SYGFKAREAVQEAREKVAKL,19
O29689,VPSIVGFGKAAEITAMEWREEAERLRRLRDRIIDNV,35
O29689,DEDVDRLLEVLPGVIERLRS,19
O31418,GLALAYIGDAIFEVYVRHHLLK,21
O31418,VQTYRYSTAFEALLGYLFL,18
O31423,IDFEEMVQIQLREARHKW,17
O31618,PVKMARAMKLAVEAGRLSYEA,20
O31728,HDQAKRIVDFLSGTVYAI,17
O31743,IVPASKEILQEKFDRMRA,17
O32125,GTEKIEEACEFVRTLKD,16
O33877,GCLGLDAMWQLVGFYLGW,17
O57848,WDYRYKLMRIHTGLHLLEHVLNEVL,24
O58035,VEELEKAIRPYELIYAIADHTKALTFMLA,28
O58035,GYLARLLIRKSIRHLRE,16
O58035,AETLRRGSDLVRREIAKLKKK,20
O58035,RIQHMRHHTGTHVLMGALVRVL,21
O58107,SEYAERKHIAEESLKIL,16
O58107,PLHRKFFGYIVRENARVLEVRDALK,24
O58107,VEEVGKILTTAHWDLAK,16
O58307,IEVRTHSALHVVKGAVVKVL,19
O58307,DEEIREIERLANEKVKE,16
O67161,CTTNCLAPCVKVLNEAF,16
O69231,REMMLSRLKQHIDTVVGR,17
O69231,AEMAELQQKRYEDIFGLFRE,19
O81086,SSYRERAEVLVSEIKAMLNPAI,21
O81086,LSDRLLATLSCVLVLLK,16
O81086,NILDEAKSFATKYLREAL,17
O81086,EKFLELGKLDFNIIQSIHQEEMKNVTSWFRD,30
O81086,AKCRFLFTKVACLQTVLDDMYD,21
O81086,DYMKLCYQIYYDIVHEVAWEAEKEQ,24
O81086,VSFFRKGWEDYLLGYYEEAEWLA,22
O81086,EEEALDHIYSILEPAVKELTREFL,23
O81086,FACKKMLFEETRVTMVI,16
O87948,WDKALTLFKHSLDEVQTQ,17
O93655,YPLDMARKSVEFYENYF,16
O93655,VTVKRNSANVIAHEIAH,16
O93655,LWLNESFATFMSYKTMDTL,18
O93655,EISYGKGASILRMIEDYA,17
O93655,PLDRIGLVDDLFAFLLS,16
O93655,ENLKIALGRVSRLYVMV,16
O93655,SMGLAKGIEMLAVNRKLVERIR,21
P00138,PEDAVKYRQSALTLMASHFG,19
P00138,AASFKQKQQAFQDNIVKLSAAADA,23
P00138,LDKLRAAFGDVGASCKACHDAY,21
P00183,MPVVDKLENRIQELACSLIESL,21
P00183,FAEAKEALYDYLIPIIEQRRQ,20
P00183,QHLARREIIVTLKEWLTR,17
P00361,WGYANRVADLVELVLRK,16
P00943,PEDANSVCGHIRSVVSRLF,18
P00953,PHELRQNIRRLAAKYLA,16
P00953,KQHIELTRDLAERFNKRY,17
P00953,YGVFKADLAQVVIETLRPIQERYHHWM,26
P00953,ELDRVLDEGAEKANRVASEMVRKMEQAM,27
P01097,SFVKRERATEDFFVRQREKE,19
P04414,MKEVFRRFCVGLKKIEDIFVK,20
P04414,EVEQVQMVVDGVKLMVEMEKRLE,22
P06535,TALTNELIHLLGHSRHDWMNKLQLIKGNLS,29
P06535,YDRVFEMIEEMVIDAKHESKLS,21
P06535,DQKLAKLMRKLFHLFDQA,17
P07097,RDEQDAFAVASQNKAEAAQKD,20
P07598,TEFTADVTIWEEGSEFVERL,19
P07603,IKDYMLDRINGVYGADAK,17
P07941,AEDKSILQGYADGMNAWIDKV,20
P07941,EQEVILAALDDAWQTLSKRY,19
P07962,PRKVEMIKAGKEIAEKR,16
P07962,QTSRWAAMQIGMSFISA,16
P07962,PAKIALEVVGAGCMLYDQ,17
P07962,LEVVKDIATESTLYGIETYEK,20
P07962,GSQRATVLAAAAGVACSLAT,19
P07962,ANAGLSGWYLSMYLHKEAW,18
P07964,AEVVEWVHRIFDQRTKFGF,18
P09063,CIPSKALIHVAEQFHQASR,18
P09063,IGQSVAWKDGIVDRLTTGVAALLKK,24
P09384,YQTFFDEADELLADMEQHLLD,20
P09384,AEQLNAIFRAAHSIKGGAGT,19
P09384,TILQETTHLMENLLDEAR,17
P09384,TDIINLFLETKDIMQEQLDAYK,21
P09384,AASFEYICNALRQLALEA,17
P0A042,EDDIKMKTAKTFLNKLY,16
P0A2W6,GRRQIEYLAGRWSAKEAFSKA,20
P0A2X7,AHAQQQALVQTSAYLVHLIK,19
P0A2X7,LDTCVAMTQGSIGYWLSNALNQELNK,25
P0A4L7,GKQASEVFAVLINKDKA,16
P0A6I3,YLPLSRLLNFYISSNLRRQAVLEQFL,25
P0A6I3,EDLLQTWYINRFLKFRE,16
P0A6I9,PEEKNWLNALLHPLIQQETQHQIQQ,24
P0A6I9,IASDVARLHAHYLQLASQ,17
P0A7D1,VSEQKLIDEAIDEAARCTEMWFTD,23
P0A881,PYSAAMAEQRHQEWLRFVDLLKNAYQ,25
P0A881,PDEREALGTRVRIVEELLR,18
P0A9F1,RQVREAHRRELIDDYVELISDLIREV,25
P0A9F1,AEGEKLAQESRERHQIVENFLLVL,23
P0A9H1,KQELHAGGRKLIEKIEDY,17
P0AAC0,PDERTAMRQGVISQRTAWIHEQAKYYLNA,28
P0AAC0,SVYNDAIRGQHLLAMKALRQKF,21
P0ABE7,LEDNMETLNDNLKVIEK,16
P0ABE7,AAQVKDALTKMRAAALDA,17
P0ABE7,PEMKDFRHGFDILVGQIDDALKLAN,24
P0ADR6,KELLKFCRKFTVPLRAALRD,19
P0ADR6,RYEEVSHNLAYIQAQLDE,17
P0AGL7,SERLNKKLQQWQKIAIAACEQC,21
P0C1V0,DKEIEQVKEKEGQRILA,16
P0C1V0,HQMMRVVLIEQVYRAFKIMR,19
P10618,CNTTGLCRTLKPLHDSF,16
P11959,CIPSKALISASHRYEQAK,17
P11959,FAKVQEWKASVVKKLTGGVEGLLK,23
P12010,REEIERIIEKAFQLAQI,16
P12070,EAEREKILGDFNQALKDT,17
P12070,RSIRRFALAKVLHNIDLAAE,19
P12070,LAAALDRMREGVDTAAGYIKDK,21
P12070,YDGVWDSAKANMSMYLLLKERALAFRA,26
P12851,AQTRDGIIAGFKKALDET,17
P12851,RSVRRYAIRKVLRQMDLGAEL,20
P12851,VSAALDRYREALNLLAQYSEDR,21
P12851,YDGVWESAKANIRMYLLLKERAKAFRA,26
P13491,RLNLVQRNVNIFKFIIPNVVKY,21
P13491,KQVHKQVVDSAYEVIKLK,17
P13491,SEEEAHLKKSADTLWGIQ,17
P13551,EMAFKIAGSMAIKEAVQK,17
P13714,RLELVEKNLKIFKGIVSEVMA,20
P13714,QEELDQIVDDVKNAAYHIIEKK,21
P13714,EKEKEQFLHSAGVLKNIL,17
P14300,VHDRALGAFLGLAVGDALGA,19
P14300,PLSDAACLTLGRMVHHLI,17
P14300,MKVEREIRRQVDALLALA,17
P14775,KQADSIKQMEERNKKRVENFKKT,22
P15494,AEQVKASKEMGETLLRAVESYLLA,23
P15587,DTERESHIKRFRQALDAT,17
P15587,RDVRRYALRKTIRNIDLAVEL,20
P15587,VRVALDRMKEAFDLLGEYVTSQ,21
P15587,IDGVWASAAGCMRNYLILKERAAAFRA,26
P15931,SKDFLARLSLPARLASEQS,18
P15931,NYARKLTSMIQQLKAMSEKVSKTYSANL,27
P18316,PREKDKLLLFTAALVAERRLA,20
P18316,YPESVALISAFIMEGARD,17
P19148,PMDIAKARVEAAFEFFDKI,18
P19148,LRETNKNLDTIVAMIKDYL,18
P19148,ADVFAYSAAQVKKALEITKE,19
P19148,MEFELDNFARFLHMAVDYAKE,20
P19148,EDLFLGHIAGMDAFAKGFKVAYKLVK,25
P19205,VEVESDSFMNAVLWLCTHL,18
P20478,SIGDDLWMARFLLHRISEE,18
P22346,GADFLKGNAEYEKRLAEMTAAL,21
P22418,ELTIVLSSISLACKQIASLVQ,20
P23395,LGHAYTTVVADFLARWHRL,18
P23395,PKAFVDRVSGRFKRAWDL,17
P23395,FHVALEEAMAYVKALNRYINEK,21
P23395,PEEARAVLYRVVEGLRIASILL,21
P23532,REEMTLLGFEIVAYAGDARSKLLEALKAAE,29
P23532,FAKADSLVVEAGSCIAEAHSSQTGMLAREA,29
P23532,VTMMHGQDHLMTTILLKDVIHHLIELYKRG,29
P23533,TDAEVAKFNGALNKSKVELTKIRNNAEKQL,29
P23533,AAQALTDVSNQFITIFE,16
P23533,MAERAADIRDVSKRVLAHIL,19
P23533,IQEFRDAKALLEEERANLK,18
P23755,WRERYLFVMEAVNKAAAAT,18
P23755,IQSGATANRVALEAMILARN,19
P24092,AAELKEIYHANCIGCHTDLAK,20
P24092,LDTAAHTACISCHMDVAK,17
P24299,DSERYEHVKRFRQALDDT,17
P24299,RDVRRYALRKTIRNIDLAVE,19
P24299,VRDALDRMKEAFDLLGEYVTSQ,21
P24299,FDGVWASAAGCMRNYLILKERAAAFRA,26
P24630,TYEYLDQITKRLSDGLLAIAQE,21
P24630,EEDIDATLAAARTVMSA,16
P24734,SAMLAFRGWLLEMAAVEARGR,20
P25503,QGILQGTYETFAELARQH,17
P25503,PELYVRLAKQSMKKHVEAMLAFQQK,24
P25503,ELADERLARVLTSDPGMGIIRHADA,24
P26646,ARKAMIIGTAGFTAMLCVMALED,22
P26995,LECFEATLANLLDHAEFWQRL,20
P29894,QAQETQGQAAARAAAADLA,18
P29898,KQGESLAVMDARNEWRVWNMKKT,22
P30112,PEERARISMIEGAAMDLRMGFVRVC,24
P30112,FEEVKGDYLKELPTTLKMWSNFL,22
P30627,AQNIENGNAFYRYFFTN,16
P30627,ERFDKQGQRILLACHLLANV,19
P30627,DQQKAAWMALGKEFNAESQTHLKN,23
P31011,YEYIEHRVKQVRYLGDKLRE,19
P31101,EETANLQDLLIFVLRGIAIYGEKLKE,25
P31101,DARFEAMISEGLARRDKLRNAFLAVYKAKN,29
P31101,EDVRSLRELLIIGLKGVAAYAEHAAV,25
P31101,VDEMVALVMKAGGMAVTTMALLDEANTTTY,29
P31570,QQRQQKVKDRVDARVAQ,16
P31570,READTAACMAVWQHGKRM,17
P31670,PEERARISMIEGAAMDLRIGFG,21
P32761,QDKLEELKKINDAVKKT,16
P32761,PEKVKRVANFKALLELFN,17
P33012,WEQTVKKGFEQLMMWVDS,17
P33447,QEHLDQIVAKIEESAMYLYNHI,21
P33447,VEVYREAVERIKAFCQRH,17
P34047,HHTNEDIALAIGTALLKAL,18
P34047,SHHIIEATFKAFARALRQAT,19
P35731,MSPVTMTNICIKYMMKSQRR,19
P35731,SVYSASKAALSRFTEVLAAEM,20
P36186,PEQAEEVHVGLRKWFAEKVCAEGA,23
P37031,DTERESHIKRFRQALDAT,17
P37031,RDVRRYALRKTIGNIDLAA,18
P37031,VRDALDRMKEAFDLLGEYVTA,20
P37031,FDGVWASAAGCMRNYLILKDRAAAF,24
P38561,ISSGDQVWVARYILERITEIA,20
P39051,CVPKKLMVTGAQYMDHLRE,18
P39051,WKKLIAAKNEAVLDINKSYEGMFND,24
P39375,KHLQSWYCRQLRSALLFH,17
P39643,EHTESLKRIYKERIDFFTALCEKEL,24
P40806,IAERYQCYMQNIFELLQS,17
P40806,ADYAAANSFMDAFAEYRRSLAA,21
P40806,PQQRLLMTYVWKALEDA,16
P40806,GDPIEINGLKAAFKELS,16
P40806,ADYAMANSYMDYFAEAH,16
P41261,PKMKAQSLVFCNGMSSFV,17
P41261,ASDLRTAYDILIHYMED,16
P41261,AKDAWEVFVGFICKTLGDYMKE,21
P41262,PTMKAQALVFCDGMSSFV,17
P41262,IKELRDGYGVLLRYLED,16
P41262,GSTKNAWEDFIAYICRVQGDFMK,22
P42084,EEELLQKAHFHLQRMLS,16
P42084,KETELKQLRVAKKLHES,16
P42443,ERSKAIETAMSQIEKAF,16
P42443,LQARLMSQALRKLTAIL,16
P42790,QQGQGEWDLDSQSIVGS,16
P42790,TSLASPIFVGLWARLQSA,17
P43185,KASKEMGETLLRAVESYLLA,19
P44206,EDKAYNDGLKQGIELIAEVF,19
P45494,KGPSLTAYYGMLLLKEA,16
P45494,LDDLILSIAIYAEAIYELT,18
P45573,PDHQKIIDFLQDYYKKN,16
P45687,PMDKAFARVDALFEFCEKL,18
P45687,LRETNKILDKVVERIKERMKD,20
P45687,ADVFAYAAAQVKKALEITKE,19
P45687,LGFELENLARFLRMAVDYAKR,20
P45687,VEDLFIGHIAGMDTFALGFKVAYKLVKD,27
P45687,QEYLESLINSYIVKTIL,16
P46206,RLLQGRVFSYADTQMYR,16
P48501,PQQAQEVHNFLRKWFKTN,17
P50455,GPEIVSKSKRILAKINEL,17
P50455,RYIKASRALENAIYLVYKE,18
P50740,GKLTYEINKSLARAASQA,17
P50740,GHFLKALTDSGEEGLLEEIQLILEELKLIMTVL,32
P50910,DSERAEHIKRFRQGLDET,17
P50910,RDVRRYAVRKTIRNIDLAVEL,20
P50910,VRVALDRMKEAFDLLGEYVTSQ,21
P50910,FDGVWASAAGCMRNYLILKERAAAFRA,26
P50933,LEKNADIFRELVPQITRA,17
P51534,DEVKSMMLIIFAELQSSFQKDFDKAVVDFMSSLIVEAEI,38
P51534,ETMRTYITENYLQLLERS,17
P51534,VESQRAVAAIFANIATT,16
P52279,EATRLAAAKAWSVWEGA,16
P52934,ASRVERAIRHAIEVAWS,16
P54273,GMDLAKARVEAAFEFFEKL,18
P54273,LKETYKNLDIIVDMIEEYM,18
P54273,ADVFAYAAAKVKKGLEIAKRL,20
P54273,MKLELDNLARFLHMAVDYAKE,20
P54273,EDLFYAHIAGMDSFAVGLKVAHRLIE,25
P54471,AVFLKKWTQELQHTQSIYEQISQ,22
P54471,EQNKQKLKELADRMELLKEV,19
P55859,HEEVLEAGKQAAQKLEQFVSLL,21
P56081,KREFQAGVAEIIKMAVCF,17
P56081,HGEAIAIGMRMANDLALS,17
P56649,CTTNCLAPVAKVLHENF,16
P56649,FGYSQRVIDLIKHMQKVD,17
P56690,HAQARSYKDLFPRYKTM,16
P56690,FLTLWNVYSFFVTYANLD,17
P56690,EMDRWLLARMQDLIQRVTEALE,21
P56690,AAYATLYEALVLVATLA,16
P56690,EALVAQMRAVLKVVDLA,16
P58350,FLKERTESFQRRRDLVVNGL,19
P58717,PALLHEVIAILHHDLRT,16
P60338,PELLDLVEMEVRDLLNQ,16
P60339,PELLDLVEMEVRDLLNQ,16
P61431,MTEIQAKMDDLTERRESK,17
P61431,ATDYENLIHYVQKTVKEKF,18
P61490,DEAARRALERGVNAVANAV,18
P61490,HLENIGAQLLKEVASKTNDVA,20
P61490,TTTATVLAQAIVREGLKNVA,19
P61490,PLALKRGIEKAVEAAVEKIKA,20
P61490,ETELKEKKHRFEDALNATRAAVEE,23
P61490,AKVTRSALQNAASIGALIL,18
P61495,GPEVTEAALKVLRALDEAE,18
P61495,VELARKVEDAVAKALLE,16
P63820,VSDFEYELRLTSMNKKL,16
P64559,AELEMMVRLIQTRNRER,16
P66881,YDTAAAVTCALLRGLSR,16
P68790,KADQDKMTQALVKLQEE,16
P71018,PEHLVQYAIMGSVYSQQ,16
P71018,GFTGNVTLKTLEGSALSIFKMMRDVM,25
P80030,MSSAKAALESDTRVLAFEAGRKQ,22
P80725,TKEFLNHQVANLNVFTVKIHQIHWY,24
P80725,FFTLHEKMDDLYSEFGEQMDEVAERLLA,27
P80725,MDQLMEDLVGTLELLRDEYKQGIELTDKE,28
P80725,DVTNDMLIAFKASIDKHIWMFKAF,23
P80734,AQARIEAESVKAIQEKMAA,18
P80734,LHFQIRATVIKEQRAELAKHHLDVLWS,26
P80734,PATGQKALDYIAQIDKIFWETKK,22
P80735,AQARIEAESVKAVQEKMAG,18
P80735,PHFQTRATVIKEQRAELAKHHVSVLWSD,27
P80735,PATGQKALDYIAQIDKIFWET,20
P80857,HHKGYVNGANSLLERLEKVV,19
P80857,IQGIIRGLTFNINGHKLHALYWE,22
P83223,NAISDIVTYGRIAGASAAK,18
P83326,LKGLGQFSIDIAQASAKQTSKIIASLT,26
P83326,PKLKGRYETCSENYADAIDSLGQAKQFLTS,29
P83326,YNSLNIYASAAFDGAGTCEDS,20
P83326,TQLHQADLKLEDLCDIVLVISNL,22
P84253,AGVLAQLGSSVADQNAAMLGQLL,22
P84308,VGSLAPLAASEAGQNGHILAAML,22
P95468,PELRADWMAELEAVRSGMLRLREQLAGELRDLS,32
P95689,VVDEILELDEQRRKLISATEEMKARRNKVSEEIALKKRN,38
P95689,DVIAEMRTLGDDIKEKDSQLNEIDNKMTGIL,30
P95689,EGAQLERALMNYMITKHTT,18
P95689,SWNALEEMTTNAEAILEE,17
P96116,VKLWSYSVKAVYESLCKL,17
P96116,TREFTQRYQAYQQQLDKLDAYVRRKAQ,26
P96618,EKRKNEFLAGRFAAKEAFSKA,20
P9WH03,ERLEFLGDAVLGLTITDALFHR,21
P9WH03,SSILADGMESLLGAIYLQH,18
P9WIT9,VWDEAENRLHAQKALLVWLLER,21
P9WKK9,AFGVRRVVADAFERARR,16
P9WKK9,HDAAARVDRAVEAHLAT,16
P9WPZ7,LVRRAEVLGKSLRHGIEA,17
P9WPZ7,EAQLDGFVAALPAILDRA,17
P9WQD3,SAARHLAARWAAKEAVIKAWSG,21
Q01647,LIEYDALLLDKFLDILQDLH,19
Q01647,EDLKEAVQECYELSAEYEGK,19
Q01647,PGDSIVIAKAFSHMLNLANLAEEVQIAY,27
Q01647,RSLLQKHGRIRNCLAQL,16
Q01647,PDDKQELDEALHREIQAAF,18
Q01647,IWKGVPKFLRRVDTALKN,17
Q01647,PEVTRDVCLLARMMASNMYFSQIEDLMFE,28
Q01647,PYRVILGDVRDKLYNTRERSRHLLAH,25
Q01647,VEQFLEPLELCYRSLCD,16
Q01647,RFSAAWQLYKAQEEIIKVAKEF,21
Q01647,EHLCFRTLQRFCAATLEHGM,19
Q01647,PEWRELMDQMAVVATEEYRSIV,21
Q01647,WPFGESLRANYEETKDYLLKIA,21
Q01647,PYLKQRIRLRDSYITTLNVCQAYTLKRIR,28
Q03689,YERCQLRLDIAKARLSRWGEA,20
Q03689,KSVQLAKSIVEEILLLFESAQKTSKRYELV,29
Q03689,PIGRALHRRLNDLVSRR,16
Q03689,GKSLEKIVDQVARFVDELEK,19
Q04KU2,RVALATAESVMRRRINHKHMV,20
Q05470,PQHRIFLQEGYKAFEDA,16
Q05470,EKQLKAYAEAMKDFVTS,16
Q06530,GYSANSQGKVAAAAVVALLK,19
Q06530,DWVLEREVQYAYSWYNNIVHD,20
Q07841,RIDLAGDNAPIMEDIQSSLD,19
Q07841,GDEKEQLLGDLQESAMDVI,18
Q07841,DYEQDLMADAAEKLSDQYDKI,20
Q07982,GEEGMQDVRLIQAIYEAART,19
Q08713,HHKGYVNGANSLLDRLEKLIK,20
Q08713,LQGILRGLTFNINGHKLHAIYWN,22
Q0PB48,QESIAKLMEIFYEKVRK,16
Q0PB48,DEEWKEHKAKIGNFWAGML,18
Q0PB48,EEMKNVILQRAQMIASHFQNML,21
Q12650,REDRHTNIQRIAFVATELTR,19
Q41510,PWAVWTRAWTAEENRHGDIVNKYLYLS,26
Q41510,PYLAYIYTSYQERATAISHGSLGRLARQ,27
Q41510,MKLAQICGTISADEKRHEAAYSKIVEKLFEL,30
Q42967,PKVLHALLQKFATSMAKYIRYQAD,23
Q50744,PKDFEAAVPLIKEGAEA,16
Q50744,AAAAANAAKIVVAFIAA,16
Q51422,PEMAAKLKLRARITSSIRRYLDD,22
Q51422,ESDIIGITEKMVRQLFKE,17
Q51422,AKIVCDALGALRIKVGHD,17
Q55088,SDEVRKFILENVEYWIKEY,18
Q55928,ERYIALCDEYQFLQAYKQ,17
Q56304,LSTVKALAAWMTWKTAVM,17
Q56304,VEETRAKLDKKMTKAFWDVYNTHKEK,25
Q56304,MRDAAYVVAVSRVYQAMKDR,19
Q57705,PEVVYEKILAMHKRIIM,16
Q58097,KETEREINSMIKEFDRRRRLVLKYVKD,26
Q58635,PYGFKIRRYTFEIIRNLLDE,19
Q58635,KEEAENQVKEAISIYKKFFDTL,21
Q58635,LMEVVEKTLNNIMENIKNRAWEKFENF,26
Q59034,ERNIAIFIKKALKKFEE,16
Q59289,YDDAAKALLAYYREKSK,16
Q59289,EKYAREWVYQYSDWARK,16
Q59289,PLEVSDRVQSLPPTFSLF,17
Q59289,PAFLMEFLNSYHQQADYLS,18
Q59289,SPRWRQTGISVLNTEIKKQ,18
Q59289,PIYHVAAIDIFLKAYGSAK,18
Q59560,LQARLMSQALRKMTGALNNS,19
Q5FA94,ASAAETAAGQVGRVLATELS,19
Q5FA94,PEAVARLALALQKGLAK,16
Q5HJD7,RLDLVSKNLKIFKSIVGEVMA,20
Q5HJD7,DEEQSKFAHSAKTLKDIMA,18
Q5LUA7,AEDQQLVQNAALAAYDHTVVYQQQAA,25
Q5LUA7,DEQRSCFKEAAAEVEAKFIEMTGDSGAAILKQMKADLA,37
Q5P5G2,DQTRVHYSLMNAYTHTQLATSLFKAEDLLRDDH,32
Q5P5G2,LEVAALSIRDEAVAMMTELLQATLAEA,26
Q5P5G2,LLPTLDALQTQAERDLKG,17
Q5SI56,EVIDRVESLAIERAKALF,17
Q5SI56,PEFKEYSRLVVENAKRLAEELAR,22
Q5SII2,APKRMAEVQKALLAQAS,16
Q5SJA1,RLQLLDRNAQVFAQVVPRVLEA,21
Q5SJA1,PEEREALRRSAEILKEAAFAL,20
Q5SKD2,RRMQENLRLRHRVIKAIWDFLDR,22
Q5SKD2,VEDVLELNERLMAHVFREAL,19
Q5SKD2,RKVAATALGAVRLRAADL,17
Q5SLL5,KEAYDQQARKLARLFQENFQKYA,22
Q5SLP1,RATVLLMEIVLEDALKV,16
Q5SLP1,YRETVREFLEILEKTLS,16
Q5SM28,PYGYAIWENIQQVLDRMFKE,19
Q5SM28,REEAEEEVRRMLSIYARLAREYA,22
Q5SM28,RERVLEAAQGLRQALLA,16
Q5SM28,LPEALPGKLDAFHEELYRRALAFRED,25
Q63XL8,TNDNLMELMIMVDALKR,16
Q66CF3,GCLGLDAMWQLVGFYLGW,17
Q6D6I7,REGMLAYSELIAEKIRMAAK,19
Q6GIL6,SEDANEMCAFVRQTIADL,17
Q6N8N2,PATMKRLRDGFAAAADAKIDELLA,23
Q6N8N2,QLVARLEGEVVLAALARK,17
Q6WAU1,VFNEYIEADFKALQALE,16
Q6WAU1,AAERVSKAALNAYTKIAAKK,19
Q72JJ7,LGEVRRMALEALKNGVR,16
Q72JJ7,LERIRDDIYYPVKKFLKKAT,19
Q797E6,PFHRERTEEVLTWIKNK,16
Q7CHH5,RIQEEKVINSAMAQAES,16
Q7CHH5,GESIKPLMVAQINAAKAIQYRYRADWLS,27
Q7CHH5,LDDVRANIGELSTKILEQIAEELKT,24
Q7SIC3,ENIRTAVRNNGGGHANHSLFWK,21
Q80VP5,VDQNRKIARKVLQEKVDVFYN,20
Q819X8,DDDLILAEYSSTVVGMEILREKAEEIEEEARSKAVVQMAISS,41
Q81G39,YKQLKEDSDALAHWISSE,17
Q81KU0,KNRSKFVSTLKDNVKFK,16
Q81KU0,SMTVMRRMMMRITERIAEE,18
Q81VX4,TVSAMQSGILYGYVGQVEGIVKRMKEE,26
Q82S91,HTAHVDEAVKHAEEAVAHGK,19
Q82S91,TDQLLEHAKESLTHAKAA,17
Q82S91,HVGHGIKHLEDAIKHGE,16
Q82S91,VGVATKHAQEAIEHLRA,16
Q831P9,VKDYEYEKDIAKMNQHL,16
Q84FH6,PEAIHQATRELLLKMLEA,17
Q8DQ18,RVALATAESVMRRRINHKHMV,20
Q8G998,AAELEYLIDFGLHLKALKKA,19
Q8G998,QFEEAENRMHSIKAMMAATL,19
Q8K0Z7,SRIFSKLTLSIRLAVKEG,17
Q8L9X2,GDVQKQIVNYFTYKAVRTVLHQLYEM,25
Q8L9X2,QELAERVMITRLHLYGKWIKK,20
Q8L9X2,HGKIYQEISDENLALMRERL,19
Q8LB01,SIYAEGTVDAVLFLAKKIR,18
Q8NJU8,AFDRFLATVQGVDAVRAVL,18
Q8NJU8,SDTCLNTLSGYCDAVKQS,17
Q8NJU8,SIDRVNACRLAIKCCNFI,17
Q8NKN9,KRAVELAKAAERAAREL,16
Q8NW68,EEALEVLRHSTAHLMAHAIKRL,21
Q8NW68,PNGATIRREIERYIVDKEVS,19
Q8NW68,IKEEFKRVVNMIIDVYKD,17
Q8NW68,DDMWNKAENMLKEAADEL,17
Q8SR45,DILQDARRAAEAHRRARYRVQSI,22
Q8SR45,EPLLVAAREGTETGIKS,16
Q8U122,IDFIKEIAYQLTKVSED,16
Q8U122,ETFKDFIGIQITRANAMLLIAAL,22
Q8U248,SIDIARTVGEAIFERLS,16
Q8VUS5,AAEELISYFVAIKAWAEAMN,19
Q8VUS5,VAEFLKGIEVLRGALEALAQ,19
Q8WZ64,TGHRRRILKQLQIILSK,16
Q8WZ64,EEERNDWISILLNALKSQ,17
Q8XBI9,LRAASKTFADKLATFEAK,17
Q8XKU1,SDQANETIAAIRAMVAEMF,18
Q8Y565,SPLAKITEAQAYGLEKALNDS,20
Q8Y565,PEFLEVLRTVVWEKYSN,16
Q8YLP6,PVQQNQVIVGSQVYNSLEK,18
Q8ZG80,GCLGLDAMWQLVGFYLGW,17
Q91X46,AKEIKRQEAIFELSQGEEDLIEDLKLAKKA,29
Q91X46,LDSLIPLHEELLSQLRDV,17
Q91X46,SYDSYCSNQVAAKALLDHK,18
Q91X46,IPRSRLVKYPLLLREILR,17
Q91X46,DQQHLEEAINIIQGIVAEINTKTGESECRYYKER,33
Q93X62,TGVFLCTQAATKIMMKK,16
Q93X62,ANYAAAKAGVIGFSKTAAREGA,21
Q96DC8,RDYHAEVFQTCSKVMMHIR,18
Q970S6,LYEVARNLFDSFRELDK,16
Q98I56,WSAFAAVNGRVLELLRE,16
Q9AR86,EVYKDKAKKLEAEVRREIN,18
Q9AR86,QVLLELAILDYNMIQSVYQRDLRETSRWWRRV,31
Q9AR86,SDCRNSVAKMFSFVTIIDDIYD,21
Q9AR86,DYMKLCFLALYNTINEIAYDNLKDK,24
Q9AR86,LPYLTKAWADLCNAFLQEAKWLY,22
Q9AR86,DIISRPSHIFRLCNDLASASAEI,22
Q9AR86,EELATESVMNLIDETCKKMNKEKL,23
Q9AR86,KPFVETAINLARQSHCT,16
Q9EZJ8,LEEEIDLARKVEEGMEAIKKLSEAT,24
Q9EZJ8,KELKRYLHIAREGEAARQHLIE,21
Q9EZJ8,FLDLIQEGNQGLIRAVEK,17
Q9EZJ8,FSTYATWWIRQAINRAIADQ,19
Q9EZJ8,VHMVETINKLSRTARQLQQEL,20
Q9EZJ8,RERIRQIENKALRKLKY,16
Q9HJ74,RIARDKEIVDEFLVAVK,16
Q9HMP7,ADRAEQCVDALNADLANVYVLYHQLKKHHWN,30
Q9HMP7,FRDLHLFLGEAAETAEEVADELAERVQA,27
Q9HMP7,IRTSLANDMAIYGDIIEATREHTELAEN,27
Q9HMP7,HATAHMLREGLIELEDDAHHIEHY,23
Q9HTZ1,PREQQERLASLASVSRLL,17
Q9HVZ0,MQHRIRQLFQASIETKQQALEV,21
Q9HVZ0,TARIQEVHLLAIHCLCDLIDRQLF,23
Q9I317,THAAALRQRLQAALAECRRELAR,22
Q9I317,PEHFQFLQQQARALEGGLGILSQLT,24
Q9I4X1,FVPTNVPIAMRRALEKA,16
Q9I5U4,DERLTRVARILHADLRD,16
Q9K8V3,GKRGLDDAYTMRAVGAETF,18
Q9K8V3,WANFYKALQLACEDLAKQIAR,20
Q9KEI9,NNMGEFLAIVHGLRYLKE,17
Q9L5D6,APSAFYGYGWAQARSHGDNILRLYGEA,26
Q9L5D6,PDFRANLDAFAAGINAYAQQ,19
Q9L5D6,PKAAVDQLRTAIANTKRKY,18
Q9PM40,ERLEFLGDAVLDLVVGEYLFHK,21
Q9PM40,PSILSDALEAIIGAIHLEA,18
Q9PPX6,RNLADNMGMMATIINGLALENALN,23
Q9RME2,QSYEEVHEQAQNLLRELL,17
Q9RME2,GAEAIAKQNEEKAKIIYDTID,20
Q9RME2,IDACIALRELMIQFKEN,16
Q9U8D3,FENFKNMYSKLIDHLMDL,17
Q9UZ14,PEEVSLKAIEEISKVAEQV,18
Q9UZ14,PSVAMDILNRVYQGLKE,16
Q9WYB1,EWCKLVLEIYDYRIAKYIGAYAAAM,24
Q9WZY5,TEENIRLGVVNGSVYALEGIIGRIKEVY,27
Q9X0I6,EKLEFLGDAVLELFVCEILYKK,21
Q9X0I6,DSILADAFEALLAAIYLDQ,18
Q9X0I6,YEKIKELFEQEFEFYIEKIM,19
Q9YDW0,GGPIRYALAEVLAKFHAR,17
Q9YDW0,VIDVVYDVFEEMKLVLER,17
Q9YDW0,KEEWEGAEEALREAASRINEKY,21
Q9YDW0,DREIEDLASSIAKGLLD,16
Q9YDW0,AADAVENLAAVAEELESPVRSLS,22
Q9YFY3,PQTVMYAASDIASHSSRL,17
Q9Z4P4,ESKLRGIVHQKYERKEFLNKVAFDNIGKAHLETGKAIE,37
Q9Z4P4,KEVRKLIRHGQFKADMAIA,18
Q9Z4P4,PEETLRLLAAGSDDAQKARLLLVKILAK,27
Q9ZWR8,AKSFVMFINAWAYINKF,16
Q9ZWR8,TFTMTCGYVWTCMVKSKDD,18
T2KPK5,DNLTRDLIHGYHASISYVDAQVGKVMEALEA,30
A0A0H3C7V4,EKQAADALAEPVGQIVEAVKVALE,23
A0A0H3CDY2,LAALRQGREALRMHLGYIESLL,21
A0KF84,EEQLFELALPRVKSLIR,16
A0KF84,LEDELKMLRVARRLGEA,16
A0KKW8,QAQADAIHEYALKAFRQ,16
A0QI26,PDKICDAISDSVLDALLAQ,18
A0QI26,LPIALAHRLSRRLTEVRK,17
A0QI26,VDRSAAYAMRWVAKNIVA,17
A0QLU8,GAAQLAYSVFTHRLRKYIGAYLAVL,24
A0QQ38,DVTSHAVRTALGISLAR,16
A0QQ38,EVAAVDGALAKALTLRA,16
A0QVQ5,KPFIKALCAAQQELADR,16
A0QVQ5,ADVYDAVASVATEALAEAL,18
A0QVQ5,KTERNDRTDEIKVEVLER,17
A0QVQ5,EKEIGAAFRSLTKKLVRQRILTD,22
A0QVQ5,SQVLAGALSQAKDARLTILDVMAEA,24
A0QWN3,EGPGNALRLRSKVNAAARSVLAE,22
A0QWN3,ADDVIAISEQVLKAVWA,16
A0QWN3,AKGARALLGATRIEIAKRL,18
A0R1H6,SAARHLAARWAAKEAVIKAWS,20
A1KRL1,GVLIIEAMAQACGTLAILS,18
A1KRY9,GPGVFKFAVKMLSKIADDVIEEA,22
A1SUU0,PEFAVYQQQVLDNAKAMVKSFLA,22
A1SUU0,AQQSAELALWMCDVLDAIKD,19
A1SUU0,LATTITAVKVKVAALCKA,17
A1VXZ7,GVLILEGMAQTGGVLAF,16
A3MTM6,EEDVRVLVKALIGCGVAMGIA,20
A3NZL3,REVSLNSGRLVLQGLRD,16
A3NZL3,AAKEAEFKRIARRAFDV,16
A5F5P5,PEVGQKAAHDFRQRLQDLRTQ,20
A5TYT6,ADEWRQELPLIEEWLQFV,17
A6LGF6,REEGVQRFLKITSFLEK,16
A6LGF6,LVETSFLFQGLLTARQY,16
A6LGF6,YFENNQKMAKINQRYCIE,17
A6QHR2,EEQVDKNIEGISKQMHNI,17
A6QHR2,YTEFTYTILQAIDFGHLNREL,20
A6T6Z0,VDKLRALEERRKVLQVQTENLQAERNSRSKSIGQAK,35
A6T6Z0,EPLRLEVNKLGEQLDAAKSELETLLAEIRDIA,31
A6T6Z0,QLARLHRALAQFMLDLHTE,18
A6T6Z0,SMAALEEMTGHAEKVLQL,17
A6VKV4,GEMKKGMFSMMNYFLPL,16
A6VKV4,KAQWQVKAEDLANRFVKNF,18
A8GTI9,EEVDKAENLAIERVKKLF,17
A8GTI9,PEYKSYIQQVISNAKALASSLQE,22
A8GTI9,EKDFVLVGHMVADILDGLKN,19
A9BGZ9,RLDLTIKNAKIIKGISENIKKY,21
A9BGZ9,LSKIFDDVKNSAYTIISKK,18
A9BGZ9,DEETEKFESSKSIIKEYLES,19
B0BAN6,EDVRKTFLTRSRILKLIREYMDQ,22
B0BAN6,YNDVMKCVENLVEYIVRAL,18
B0V8I3,VSDFEYEFQLANMNRQL,16
B0VLR7,KQDRYAALDALHAEAVAQ,17
B0VLR7,DEVDYLFEDLKYRTVRDNIL,19
B0VLR7,EEIMEVALNQAFAGRMHILNEMN,22
B0VTH7,VSDFEYEFQLANMNRQL,16
B1MDL6,GTDFEYELQMAQMNKHIA,17
B1YSS6,REVSLTSGRLVLQGLRD,16
B2FHI7,ISHTVYLAGREQALKRIDVAITK,22
B2FKF0,AEFMSVAAEAEADLRRLL,17
B2FKF0,GVTEFAKRNAAKAALVYGAID,20
B2FKF0,LAGAEALVAFMADFQQRH,17
B2FN79,EEGVEIIRHSCAHLVGHAVKQL,21
B2FN79,PKGWALWQVVEQYMRKVYRN,19
B2FN79,IESEVTAFHQQALAVYQH,17
B2FN79,DATWDKAEGALRSALTA,16
B2FT35,FHADLAERTARLCAGLEAAAADA,22
B2FT35,DAVIEATLAAARVAFRAA,17
B2FU10,ADLRQLIAVVARACTSISIAVS,21
B2HP50,PDKICDAVSDSVLDALLAA,18
B2HP50,LPIALAHRLSRRLTEVRK,17
B2HP50,VDRSAAYAMRWVAKNVVA,17
B2HPZ3,PAAELAYDVFIHRLRKYVGAYLAVL,24
B2HSY2,QDSFWAGVDKVVTDLTPQNQDLLKTRDDLQAQIDKWHR,37
B2HSY2,KVRGDKVIAYARQFLDDS,17
B2HSY2,PAEVAFTCELFSRVEDVL,17
B2HSY2,PEEIREEVDNNCQSILGYVVRWIDQ,24
B2HSY2,SEDARASLERMAPLVDKQ,17
B2HUN5,VSDFEYEFQLANMNRQL,16
B2I1J3,RAVSLDSGQAVLDALLR,16
B2I1J3,ETEEKKLQALCLRAFQA,16
B2ILS5,NKGREINQKLAQVAESC,16
B2ILS5,VEEVIGIVQGWKADLRLIMCS,20
B2RK02,ERATLAMTMYDYRIKKYVGAYAAAM,24
B4E9P3,TPRSLSAGCLYAQAGLIERAWRDLVAAW,27
B5XIP6,NIAISLTLDRVVNAVKFYLQE,20
B5Z6J9,RNSIEAANAIIEAFKWV,16
B5Z6J9,QALIMPLLEKFKLELKE,16
B5Z9V7,PEFKAYAKLVKSNMQVLAKALKE,22
B8XA40,GYYDILQATKSIVNKAM,16
D0VX24,RGQTLDSLQYLVSLVVNK,17
D0VX24,YRERRKETLETLAKNIAYKVKRT,22
D2D3B2,YLETLIASGAALRAGLEAQSQRH,22
D2D3B2,VDDVTETLEATDRAFSAVLR,19
D2PPM7,VVPLFRRFATLRESLVPYLTEQAARTIAT,28
D2PPM8,SHELARLHELARHSHAVITRH,20
D2PPM8,DGYGMWLWSVVTHAARH,16
D2PPM8,SAATLQVAARIRSLVSAE,17
D4GTC1,GQAGGKLASALQSFDRQ,16
D4GTC1,NELGAAVMESDQTEVMSA,17
D4GTC1,ALYQVNAGRSLKTVARE,16
D4GTC1,MSEGYDAINEAIARRVGLLLAA,21
D4GTC1,ERVESFMERAREAIDKAE,17
D9J034,TAEFAVMRTAFSFALPHI,17
E1V7W1,REEYAGRLWKVRTEMASR,17
E1V7W1,PQEIEYMRVAGKIVAGMHSRILEV,23
E1V7W1,SEFVRAESALLEGIENGLEV,19
E1VBK4,KGAVKALEKGVGLQQLT,16
E1VBK4,ALKDYATEIAVQAKTRATE,18
G0SCU5,PQEISAMVLTKMKEIAETKL,19
G0SCU5,GQDFDTNLLEYCKKEFTRKT,19
G0SCU5,ARALRRLRTACERAKRTL,17
G0SCU5,TDEIEKMISDAEKFKSKDEAFSKRFEAKQQLESYISRVEEII,41
G0SCU5,ADELKKKELALKRLVTKAM,18
O06995,NAEKQELMHRKNRDYQMLIS,19
O25008,EAEIDKTIEVFSQAAVRLRNIS,21
O25294,LEKSAKEALKYAEIMTESLNIVKDLVN,26
O25928,GVLIVEGMAQTGGFLAFTSLW,20
O28237,SEKIREFAKTIESVAQQ,16
O28237,ETFCDYIGIAATRLNAMLLISA,21
O29482,FEEIAEVADYNKKVFIA,16
O29482,PLDLKIAVAKYLNMLLEDARKRL,22
O30917,EEEALTGFELFISNVKQLKEHY,21
O31562,KEQKDKWIQVLEEVPAKLKQAV,21
O31562,VRQVVHHLADSHMNSYIRFKLSLT,23
O31562,PSGSLALLQELHGRWTALLRT,20
O31562,LENALGLYVWHSHHHIAHITELSRRM,25
O31699,HLCKEAMPQVNEFRDKY,16
O34634,PRGEASQTFAKVLETTY,16
O34634,RQKRKKVIDKMAAVMILQGYLDSL,23
O34661,WYRLLTGKLIVNACINPLTALL,21
O34661,PAYLAFMKLVFQEACRIL,17
O34723,SGTVRNYISMILEKLEVKNRIEAITRS,26
O34899,SLRVESYGTIDELNSFIGLALAEL,23
O34899,EDLTAELLTIQHELFDCGGDLA,21
O34899,EESVSFLETRIDAYTAE,16
O34899,KCASLLHIARTITRRAERRVVALMKS,25
O34899,ETVLRYLNRLSDYFFAAARVVNAR,23
O51545,IGNFRTYIFGDLLIKTLRFL,19
O51545,VYEISEFFTEAFFNDCRK,17
O51545,LDNLQASKIARENLINKLSYFYE,22
O57963,VGNFRELFTAYIVGHALR,17
O57963,KEDVERVKLRINLARNWVKK,19
O58320,TDATADLAFALLLATAR,16
O58320,FGAREGMAELVAKNLIAFK,18
O58441,WVDEILKLDTEWRTKLKEINRLRHERNKIAVEIGKRR,36
O58441,DELLAKSREIVKRIGELENEVEELKKKIDYYL,31
O58441,NEIVILDLALIRFALDRLIE,19
O58441,SWEWHEKIIRNAEELFQE,17
O58689,PGAVNEYVKDYAAGFLM,16
O58689,VSEITNHYLNLLVSEHT,16
O58885,EKEIKIIEKACEIADKAVMAAIEE,23
O58885,EKQKEIYEIVLEAQKKAVES,19
O59351,EIVSAASIIAKVTRDREIEKLKQKY,24
O59355,ANYYLRRAKEDIIEFKE,16
O59355,EEELAKSLEFGTTLAAARASL,20
O59355,LGDTISAGAFLTYLEFL,16
O59521,PQQMMERFSKIIMDVNRLIQRY,21
O59521,LNEVMDLLIDGFHQAMD,16
O59521,PAQIYPAIRTAIHCAMM,16
O66442,GTESVEAAIKLARKYWRD,17
O66442,PLACRAGTVVVDEVEKLLPHVREVGNYFKEKLKE,33
O66647,VSLVDKVLELDKRRREIIKRLEALRSERNKLSKE,33
O66647,RVKELKEEIDRLEEELRKVEEELKNTLL,27
O66647,WGARLERALINFMLDLHTK,18
O66647,SYDELEKLVKDAEEVLQLL,18
O67004,FEEIAKVCVDIVKKVLNE,17
O67053,MKLFKELEETKEQVIKMAKLVQEAIDKATEALN,32
O67053,DDTIDLLEVDIERRCIRMIALY,21
O67053,AGDLRMIMGIYKIVSDLERMGDEAENIAERAILLA,34
O67053,VNINFMSEIVKEMVNDSVISFI,21
O67053,TLLAKKVIEKDDTVDELYHQLERELMTYVLE,30
O67053,IKRAMHLSFVARHYERIADHAENVAEAAIYLSEG,33
O67140,EIYVVKAAREVAEKYRKEII,19
O67185,GRELFKVAVRSMEEVCREVLEKA,22
O67298,LGHAYTTIAADTIARYYRL,18
O67298,PKELVDRNAERFKKLWEF,17
O67298,FYKAIEEILKFTSYLNKYVDEK,21
O67298,KEELQKVLYALVDGLFVLTHLL,21
O67413,KLLYEIKGKKVIERVYETAK,19
O67728,LEEAGRFLRYKFLKEILES,18
O67728,LEDTFLKMVKVLRAEREFLEEEAQKLYKEV,29
O74023,RGTLMKRIHDLAEHLGK,16
O84049,GTTVLEAYAQATTVLRK,16
O84049,SKVGDKIFRKEESLFEGVYLTRDLVN,25
O84589,EAHVELTRDIAKTFNRLY,17
O84589,DVEVKARLAEEINLFLNPFREKRSELVA,27
O84589,KFLEEALQQGTEKMRTVARETMEEVHDHL,28
O86436,DRTWRKLVASVAGVLKG,16
O86436,QAEVERAVKHASAIATGMAFTRDLGN,25
O93541,RLNLVQRNVNIFKFIIPNIVKY,21
O93541,AEEEKQLQKSAETLWGVQK,18
P00136,VENAFHTQCIDCHKALKK,17
P00469,PEFAAVYHEEMAKFDDRVLH,19
P00469,GVPFNIASYALLTHLVAHEC,19
P02213,DKLRGHSITLMYALQNFID,18
P02213,PDDLVCVVEKFAVNHIT,16
P02213,DKYANAWAKLVAVVQAA,16
P02906,RELYEQYNKAFSAHWKQET,18
P02906,GGARWNYLAAWGYALHH,16
P07128,HIDARFNVSRVAVMIVALQ,18
P07955,SATTVGAAAVTQTIMDM,16
P07955,AMNASALSSIYEQSGIFE,17
P07955,VPKWNACAAVGTLAATLVNCGAG,22
P08997,AEAVEFLTELVTHFTPQRNKLLAARIQQQQDID,32
P08997,GSLFDFALYFFHNYQALLA,18
P08997,WQEAAWWSEVFSYAEDR,16
P08997,NQVLNKVKADKSLEANN,16
P08997,EEGMRANIRVAVQYIEAWI,18
P08997,KALFRQMLGEEMKVIASEL,18
P09155,TRQLACLQLLADWRLRKARER,20
P09155,GSEIRFHGKTLLALVEKAQT,19
P09155,YRKAFKAIKSLITDVSETH,18
P09383,NGMIKDRLEKMSMDIVDYYEA,20
P0A0A5,FDEYIKELNEERDILNKDLNKALKDIEK,27
P0A0A5,KKAHNKRDNLQQQLDANEQKIEEGKRLQEEH,30
P0A0C1,EEEQNLLKRDIASFLRQMHG,19
P0A0C1,IEKAKEYQDIVEEYYPIETIVYGIK,24
P0A1J7,RLSEILDQMTTVLNDLKTVMDAEQQQL,26
P0A1J7,QLQRITEEKSSLLATLDYLEQQRRL,24
P0A1J7,IAERWQAITEKTQHLRDLNQHNGWLLEGQIERNQQALEVL,39
P0A2H7,REMQDQFAARSHARAWAATQS,20
P0A2H7,LGCSGARISTTLINLMER,17
P0A4X7,GSVSVEVAAKMALQYWRG,17
P0A4X7,PAEITQITSAMVEVARLV,17
P0A6V9,TDCRRALSLFCVIMGRFGGNLALNL,24
P0A886,LPFNIASYALLVHMMAQQ,17
P0A9F9,PQGEILLQLANQVLPQISQALQAC,23
P0C1S0,LCFSLYNAQRQVNRYYSNK,18
P0C631,VEYDVLLERFKKILRQG,16
P0CI74,QEDVDKFLDMIIKDYETFHQEIEELQQENLQLKKQL,35
P0CI74,TNFDILKRLSNLEKHVF,16
P0CL22,VSEAIGRAVGECEAQIRPVLEA,21
P0CL22,VDHVGAVVSGIRSVIERID,18
P0DKS7,GMERMRIVRDQIDNRVQALL,19
P10349,PNVAAGMEELYQNYRNAVIE,19
P10349,ADEIVLSNMTVALDRILLDVE,20
P10349,TETKRKANTRSLKEMALLLRG,20
P10349,PEEVREAYSKALFDSVAMQYNVLKTA,25
P10723,KTALKKSWKHYEQEMLK,16
P13376,KNEFSRIKQAAERIRNH,16
P13376,TEPAIAFRIFRDYMEKKY,17
P13376,LDEVNKKAFQGTLLAHVD,17
P13376,EYTFGEMVYFFEKACGISGHLL,21
P13632,ADRLVQSARRAEEKRRLVMENRSLRRAAEAASEG,33
P15214,LPVVKNKLKSKFVYINDVL,18
P16525,LVDRLNTTFRQMEQELAIFAAHL,22
P16525,NLSQAALVSHIQHINKLKTTFEHIVT,25
P21408,ADFQAIVSALLELKGEKATLAWLKAMKTN,28
P22244,GPKQQQAREAVTTLLLM,16
P23342,YVPFALRAQELWYELEKE,17
P24531,EFVDEIETLAIERCKKLF,17
P24531,DEWKVYAKQVRTNAQVLANVLMD,22
P24931,RTEKNILTAFAGESQARNRYNYFGGQAKK,28
P24931,VQISDIFAETADQEREHAKRLFKF,23
P24931,THANLIASAAGEHHEYT,16
P24931,EEIARVFASIAVAEEFHEKRFLDFARNIK,28
P26408,PEQLLSSARNAARMFTLARENERLSLEMRLL,30
P26997,PWVRAYALRKSLETMDLGAEL,20
P26997,VWDWVREALNFMAAYAEDQ,18
P26997,EEGVWAFARGCMRTYLILKERAEAFR,25
P28790,REQQDAFAVRSHQLAHKATV,19
P28790,FGCSGARISGTLLNVMKQ,17
P30820,TLENLKAAIAGETGAHAKYTAFAKAARE,27
P30820,EQIARLFEATAAAELIHIGLEYALVAEM,27
P30820,CDLNLISGANGEIYETS,16
P30820,SKAVHVFTRAKLAESVHAERYLAAYN,25
P30949,PESYKNFIKKGDRLEEGISKTAGA,23
P30949,DEDIENTIQAAEKVFAEISR,19
P32557,FAVDSMVRRFDKQFQDS,16
P33006,AARRFHETIATFYDYFNGFTVDR,22
P33006,DKYINAYYVAIATAGHDTTSSSSGGAIIGLSR,31
P35021,EKRYKEIVDQVSKFMRS,16
P35028,VEKQKKLQIDAAKGIAEEARA,20
P35028,ESVILETINFARYAATASAVLA,21
P35154,EQYLLYVHTMRVLELDIASEYLVMAATLLSIKSRM,34
P36419,RRMQENLRLRHRVIKAIWDFLDR,22
P36419,VEDVLELNERLMAHVFREA,18
P36419,RKVAATALGAVRLRAADL,17
P37454,IDYRMQWEEALLSYILELDQK,20
P37793,TKRIAQKVGEEGVETALAAT,19
P37793,RFELTNEASDLMYHLLVLLQD,20
P38913,QIIASTQEAIRLTRKYLLS,18
P38913,KDCQVLLLLYLSCLWEYFFIKAQN,23
P39131,LAEITSNALVRLDELFKD,17
P40108,PENRGKLLNNLANLFEK,16
P40802,RNSLVTLKDHLVAPLRDQLPRVIEQELMMHEK,31
P40830,SDLSLMSYLDCCEQTFLEYQKR,21
P40871,YRELDTRADRLAAGFQKL,17
P41022,PAEKEKLQIFLASELLLRRKA,20
P41022,YPEAVAIITSFIMEGAR,16
P41789,LLSEAQPELERTLLTTALRH,19
P41972,MGHALNKILKDFIVRYKT,17
P41972,TAEFREKCKEFALEQIELQKKDFR,23
P41972,DEILKQTSDVYRKIRNTLRFMLG,22
P41972,EVDRYLLNRLREFTASTINNYE,21
P41972,HIRRSMQTVLYQILVDMTKLL,20
P41972,QALLDKWRTFMNLRDDVNRALETARN,25
P42216,PACLEKVRALMAQELAE,16
P42861,VMSDVNNVLAQMKDFTERVRS,20
P42861,QETLTNAMSARNALMSYLKE,19
P42861,LSVMLSIGYDNFVEFLTGAHVMDNHFAS,27
P42861,HHRTLMSNFFAQTEALMV,17
P42861,PRALGAIIAMYEHKVLVQGAIW,21
P43183,EQIKASKEMGETLLRAVESYLLA,22
P43408,PDTQKRIQKLAGRKIAEMAKE,20
P43408,TSDIDEHQFMNRCAAMAYGVLT,21
P43410,PDTQKRIQKLAGRKIAEM,17
P43410,TAGIEEHQIMNRAAAMTYGVLT,21
P43411,PETQKRIQKMAGRKIAEMA,18
P43411,ASTIEQHQFMNRCAAMSYGVLT,21
P43711,GNETFKLAVRELSNVVEETLL,20
P43788,AITSAGTGCMAALDAERYLDA,20
P43895,EEKAVQLLRERGAMKAAKK,18
P43895,ELFQNLAKDLAMHIAMM,16
P43895,QQIAEKIAEGRLKKYLEEV,18
P43902,LAVIETLKQTYDEALTFFE,18
P44492,EFSMLRFGKKFAEILLKL,17
P44853,QCPNMLFPYARELVSNLVNR,19
P44920,DEDKLWLNNLLHPAIRERMKQKLA,23
P44920,LAQNLPHLQQKVLELHQFYLQQAEN,24
P45855,RREQDEWALRSHARAAKAAD,19
P46088,SLEKYRVDEITETLQDIFNDVVKIK,24
P46088,KEAVQQNYEKSCKRLAPFLEGLLV,23
P46419,DHEEIRISMAEQQTEDMMAAMIRVC,24
P46419,CDKLKPDYLKSLPDCLKLMSKFV,22
P48247,FHDELTAYTTRMLDGLQQRADA,21
P48812,CTTNCLAPLAKVIHDKF,16
P51183,VEGEVAKFNSAIEASKVELTKIRN,23
P51183,AATALTDVTTQFVTIFE,16
P51183,EYMKERAADIRDVSKRVLSHI,20
P51183,EDELIAYQDKRERYFADKKELQ,21
P51183,INEFREAKAILLEEKENLKNE,20
P54263,RRPFAVMRIRDELERAIHEFFGE,22
P54263,HEENMALQEELVSFLVARVLER,21
P55900,GVAAMHKINQQKAELLYGVID,20
P55900,IEGVKALTDFMIDFERRH,17
P56069,LGLRMEAHQKNALCVAEFLE,19
P56185,FKDEKPLIKEIQGGLEVLLK,19
P56185,PKKLEDHTRNFIRKALFKKF,19
P56194,GKELRMHQRIVATARKVLEA,19
P56194,PILDAEAVVLLYECLKE,16
P56431,VVCAASDGATAALSVISYLE,19
P56681,PAERDQIVRRFKRALDET,17
P56681,PWVRAYAFRKSLETMDLGAE,19
P56681,VWDWVREPLNFMAAYAEDQ,18
P56681,EEGVWAFARGCMRTYLILKERAEAFRE,26
P58233,PEKLENEIEVVVKSMENLYLVLH,22
P58475,ANEKTELEQRLKIIDWVRDTIN,21
P58719,SHYVVETLAKACDGAIS,16
P58719,QASLHEVITILDNDLKT,16
P59078,IGHAYELIATDAMARFQRL,18
P59078,PRELADRNTSAFRRMAEV,17
P59078,EADKAILDQADAALETARKAMD,21
P59078,LHLALGAIFAVVAEANRYFAGQ,21
P59078,PARMGTVLYVTAEVLRRVGIMV,21
P59846,PGGTILYHARRAVESLT,16
P59846,REVLHQRDMLSPKYAELVYY,19
P59846,QKDAEGFIKIQALRLRVRALVE,21
P60911,PEDSKKWRYIENQLDELMTFY,20
P60911,PSVDAEVLAMVMHIYQS,16
P63786,DNVANSIVSQLLFLQAQ,16
P63786,ATEIEIAANHILKTREKLNRILSERT,25
P63807,FEDLKRDIEARDQYDMN,16
P65938,RVQADYTGMLGTVMNALVMADSLQ,23
P67042,VPFNIASYALLTMMIAQVT,18
P67046,FNEQYKEQMKQFKQRILE,17
P67046,GVPFNIASYALLTHLIAKE,18
P68777,CTTNCLAPMAKALHDAF,16
P68777,MSYTAQLVRTLEYFAKI,16
P71039,RKAALQSQKEILMKKKQRMDEMIQTIDRTL,29
P75510,PQALKQNNFDLVRTLLA,16
P75510,KQHLELTRDLAQRIQKKF,17
P75510,YLDLKNALTEATVNLLVNIQRKRE,23
P75510,REQVFNCLQAGKNQAQATARTTLALFYDGF,29
P76273,PESNQEIAATQRELIDSAFHA,20
P77432,LNKNWQLACECMRQALHNA,18
P77432,KATLFRALEENAAIVSACNLQQIADFS,26
P77872,RMLQGRLFSYGDTHRYRL,17
P77872,PKYAEGVKKALEKHQKM,16
P77994,PQIERRIKKLISLGKKK,16
P80319,LSTVKALAAWMTWKTAV,16
P80319,IEEVRERLDKKMTKAFYDVYNIAKE,24
P80319,MRDAAYVVAVQRVYQAMLD,18
P81065,IERARLQEALGFCSDLHAAFS,20
P81065,EEARAGVIANINRRLGQLEAM,20
P83453,PVPAHRVLARLLTAAYA,16
P84155,SLAVEAVKDFLLKLQDDICEALEAED,25
P84155,FEKCFEFVQAVGKGYMDAYIPIVNRR,25
P84155,EQQVEFQEFRRGRYAEFNLV,19
P94548,KEDILISLFKEKMGQFIERMEEDI,23
P94548,AKEKLALVISKHFSLLA,16
P94548,LELRQKINEILKGYLNILDGILTEGIQ,26
P94548,VRLARQMIFGTIDETVTTWVM,20
P95474,YEEMMDNVRKTARQIAEIIA,19
P95474,GPQVGSLLLHMDAGQATY,17
P95474,MDVAGAMSQGWIGYMIQQALKNELRK,25
P95765,SDAIGSSYAFAYLAREAY,17
P95803,PVIVEKMRDYAATAFRT,16
P95803,YSVLIEELVSLAKEMFDKRE,19
P96026,IIEQNALEIATELAEYVKQY,19
P96026,IIDKIMTDYEIAIGAKKMEKAMELL,24
P96108,PEEIRYLLDISKQVKMENRS,19
P96108,VWDEAENRKHTIKAVMIATL,19
P96649,QDALLYYQLLEFRHEIML,17
P96649,EIEKAEFFFKVSYVYYY,16
P96649,AVQTVRCQFIVAGNLID,16
P96649,EHLIAMSHMNIGICYDE,16
P96649,YKKASQHLILALEIFEKS,17
P96649,YNVALIYFRKGRFIADK,16
P96649,FADVENFSIEVADYFHEQ,17
P96649,LMLSNEYYRMSIEARRKIKK,19
P96692,KQEYDHMVQDTVSFYENR,17
P96692,EQFKRDEAIRNASLSAMMFMLSAKE,24
P96724,IPVRLADLETHVLRTFYQK,18
P9WFE7,PHEQERLLLSYAAELARRRRA,20
P9WFE7,HPEAIAVIADHILEGARD,17
P9WFQ9,ADQVAHMGQFLRAEIAA,16
P9WG73,PPAMAAAMAAAVTAGYLARCA,20
P9WML9,HHTIEDTAIALGTALGQAL,18
P9WML9,PHHITEAQYKAVARALRQAV,19
P9WP99,ARLVAYADCDEANAAIGAALALG,22
P9WP99,TQITDVLRQIQNDLFDAGADL,20
P9WP99,PLSALLHVARTVVRRAERSAWAAVDA,25
P9WP99,LPAKYLNRLSDLLFILSRVA,19
Q02129,KSSFKFKKDKIIEMVERL,17
Q02147,LNQVKSLRQIEGRLRKLFSL,19
Q02147,ADKSELEILSLALQVIEQL,18
Q02147,DVLISSFDQLKEFSEKL,16
Q02HS5,PEEQARELQRVREGVALGRS,19
Q03266,DHYARARVRMQTAINNLR,17
Q03ZI1,HDVSKRSAQNFYNAIEAT,17
Q03ZI1,PEVTKEVKQMALDAYKV,16
Q03ZI1,NAKLVDMLIDYGFEDFAQNKK,20
Q04JH4,QDDAQKMCKVVRDVVAADF,18
Q04ML5,PETVKRRLDVNIAQGEPIIAHYR,22
Q08291,SVEQFLNEQKQAVETALSRYIE,21
Q08291,LPVACAIEMIHTYSLIHDD,18
Q08291,NHKVFGEAMAILAGDGLLTYAFQLIT,25
Q08291,ARQTRELDEFAAHLGLAF,17
Q08291,AGAKEKLAFHIEAAQRHLRN,19
Q08753,GREAVEAAVDKFYNKIV,16
Q08753,DVHFQAVARHLSDTLTE,16
Q09065,MELRLANQKLGNRFIKTLQA,19
Q09065,LKKALRHYLYAQTSNMVINCVKS,22
Q0P891,VTKQLLQMQADAHHLWVKFHNYHWN,24
Q0P891,FFSIHEYTEKAYEEMAELFDSCAERVLQ,27
Q0P891,PLEVIELIKQDYEYLLAEFKKLNEAAEK,27
Q0P891,TTTAAFAQENIAKYEKSLWMIGATL,24
Q0PBB6,TMDALSYGVFKGIYLLIKDA,19
Q12109,SGEMKKLCIETLQEFVKAFQERRA,23
Q13TZ4,REVSLNSGRLVLQGLRD,16
Q1CAM3,GVLILEAMAQATGILAFKSR,19
Q1CMW6,RQDCITHGRNLAGFIHACH,18
Q1DB04,VFDTLKAVAKLVLTELKK,17
Q27740,GAIFNNAAQIWNHTFYWD,17
Q2G0D1,LLGFYKQYKALSEYIDKKY,18
Q2G0D1,NDDISKFNALFEDVEQFL,17
Q2G0R9,NDEMVTMEKVIEHAARAIEKFVET,23
Q2G1N7,KIRDFIIIEAYMFRFKKKV,18
Q2G1N7,EEQREKIAERVTLFDQIIKQFNLA,23
Q2G1N7,SKEFLNLMMYTMYFKNIIKKH,20
Q2G1N7,DAQQDHAEQLLAQVNQL,16
Q2STF3,PDLMHRILDVNAQAVAAYLNAQIEA,24
Q2STF3,PEHVAELVDEVHRHSRAI,17
Q2SWD3,ARTFADRLRENLDFHNFVLTQ,20
Q2SWY7,GVLIIEALAQAAALLTF,16
Q2SXD6,PETRTTFRARTKAIASIRKFMGD,22
Q2SXD6,YRWLMDFTERLIRQAAVDAL,19
Q2SYZ1,EAGAAQLLRDARAVEEA,16
Q2SZF9,IDELQAAAAVGQMGLAQVYESRFA,23
Q2T1M2,TPHALSAGCLQAQAGLIERAWRDLEKAW,27
Q2YQE0,PREFDKLVIHMLSDVALKRKN,20
Q2YQE0,HPEAVAVLSAYVLDGAR,16
Q31C15,EIELIKETVDQVSVFFGKEIL,20
Q31C15,TEATVKKARKLINLYKN,16
Q31C15,QMASEKLSEGITGFSKAIEELEELLIERLSEMKNHKLI,37
Q31QJ2,TYEYLDQITKRLSDGLLAIAQET,22
Q39978,NQVAEKYAQEIETLKEQTSTMLS,22
Q39978,DILEEALVFSVGHLESA,16
Q39978,DLLLRFAKLDYNLLQMLHKHELSEVSRWWKDL,31
Q39978,SQARVMLAKTIAMISIVDDTFD,21
Q39978,EYMKISYKALLDLYDDYEKELS,21
Q39978,VHYAKERMKEIVGNYFIEGKWFIE,23
Q39978,KILEANATLCRVVDDIATYEVE,21
Q39978,TEVAMEKFQEMADIAWKDVNEE,21
Q39978,SEILTRILNLARIIDVT,16
Q3JGP5,DDFKTYIDRVLANAQALGDVLKA,22
Q3JGP5,AAEFREVGRLILEVFEALRT,19
Q3JNE1,REVSLNSGRLVLQGLRD,16
Q3JNE1,AAKEAEFKRIARRAFDV,16
Q3JQ80,AAEQQREFERIATGVDAGIA,19
Q3JQ80,WDNAVREMKAIMVAARVAAL,19
Q3JVB1,EETVKKRLDVYEAQTKPLITYYGDWARR,27
Q3JY79,SFVMSNSFTNQTLAQIELFTR,20
Q3U5C8,TEERKRQEAIFEILTSEFSYLHSLSILVTE,29
Q3U5C8,ILDVMSASQKFFEALEQRHKA,20
Q3U5C8,LPMQRVTRLPLLTDTLCL,17
Q3U5C8,PERYKAASQALKAISKLVKQCNEGAHKMERTEQIYTLNMQ,39
Q40460,EPAKLIRQRYREAAEII,16
Q40460,IDFFGALRARVYDDEVRKWVSG,21
Q40460,IEKLLEYGNMLVQEQENVKRVQLAD,24
Q42690,IIAARDCAYGLARYAAIAQNA,20
Q42690,IDRCLEVQEAIWAETFKYMAD,20
Q42690,VQAAQAALLKRAKANSDAQ,18
Q42694,KDEIEMRIAQLKKELAE,16
Q45601,HQLMRLILVEQIYRAFRIN,18
Q46106,KEVVKLLNEQINKEMYAANLYLSMSSWCYE,29
Q46106,DGAGAFLFAHASEESDHAKKLITYLN,25
Q46106,LLDVFEKTYEHEQFITKSINTLVEHMLT,27
Q46106,QWYVSEQHEEEALFRGIVDKIKLI,23
Q46455,TERYQAWWQAVTRALEEFHSR,20
Q46455,ETQKKLLKDLEDKYRVS,16
Q46FV4,PKDFEVAVEQIKKGAEKA,17
Q46FV4,PVKAVNAAKVVVAFIVA,16
Q47VU0,MLEQIKNNFTESIQTQIAASEL,21
Q47VU0,TSRIQEVHLVVLHSLCEIIDTTL,22
Q49605,ERKKEFKEWADKIVEER,16
Q49605,GATMYRWAAMQIAMSFICAY,19
Q49605,PAKVALEVIAAGAMLYD,16
Q49605,MDVVKDVATEVTLYGLEQYER,20
Q49605,GSQRAAVCAAAAGCSTAFAT,19
Q49605,AQAGLNGWYLSQILHKEGH,18
Q4J894,EEEKEKTLLQVDLCLSVIRKF,20
Q4JB80,FENGIELARKIKQEILEKE,18
Q4JB80,VKVILPYLKKAINEAYNK,17
Q4JB80,IDNAYKVAEDLLRELLVR,17
Q4L5E4,DERVSKIHDKILEALQA,16
Q51547,FNAELEDVRSHLLAMGGLVEKQVNDAVNALI,30
Q51547,DDQINQMERNIDEECVRILA,19
Q51547,ASDLRLIISISKSVIDLERIGDEASKVARRAIQLCEE,36
Q51547,YVEVRHIGSQVQKMVQEALDAFA,22
Q51547,ADLALSVAQYDKTVDREYKTALRELVTYMME,30
Q51547,ISRVLNIIWALRSLERIGDHARNIAELVIYLVR,32
Q53597,EEVVAAGLDAAKPFIKVLCKAQADLAAKA,28
Q53597,RTTSEALSAAVRPELSAA,17
Q53597,EKEISAAYRPWPSSSSAERVIK,21
Q53597,ASVLAAALKQARDARLHILDVMMEA,24
Q56237,PEAEEKFKEINEAYAVLS,17
Q56310,EYLGVFVDETKEYLQNLNDTLLELEK,25
Q56310,MELINEAFRALHTLKGMAGT,19
Q56310,SSMAKLCHTLENILDKAR,17
Q56310,SDLLDKIFAGVDMITRMVDKI,20
Q56310,IEKLDNLMDLMGELVIARSRILE,22
Q56310,RTFVEEIGEPLLHLLRNAIDH,20
Q56416,PERLKALEAVVHPEVRRLLMEELS,23
Q56952,PSNALIYIENIRKALVEH,17
Q56952,AETYNRNAQAYAEKIKALDAPLRERLS,26
Q57695,FEKAREIHYKLFPLMKA,16
Q57997,EEFENELKNKLTEEAKNKMENIKKELED,27
Q58025,SEVESKKEDIYKLLEEKLKN,19
Q58122,RRLLSAGMGDIVSNITAVLDWKLAYKEK,27
Q58122,ESSAIFSKTIAKELISYVLN,19
Q58122,YHNKLVKALVGSGIAIAIA,18
Q58122,HGEQCGIGTIMMSYLHEKE,18
Q58435,VKDIVNLSNEFYRFLQN,16
Q58504,LKDLVNNVGKACGMVYALY,18
Q58696,GAEAVEIAIKMAYQYYVLR,18
Q58696,EKEIIYLCDALYEAIKE,16
Q58820,EEDAKITADVFVDADLK,16
Q58820,GQVVGKKAMELAIKKAKNV,18
Q59485,AGSYLKIKPEYDKMQKQLREKE,21
Q5F5E3,LQERVAAHFAESIRAKQEAEKI,21
Q5F5E3,TARIQENHILLIHAMCDCIDS,20
Q5FAC0,PDKVADQVSDAILDAILAQ,18
Q5FAC0,FAIYYSHRLMQRQSELRK,17
Q5FAC0,VDRSAAYACRYVAKNIVA,17
Q5GUT1,GEDARTRMVRGVNVLANAV,18
Q5GUT1,TTTATVLAQALIREGAKAVAA,20
Q5GUT1,PMDLKRGIDQAVKAAVVELK,19
Q5GUT1,EIEMKEKKARVEDALHATRAAVEE,23
Q5GUT1,TKVTRSALQNAASIAGLM,17
Q5H434,DHMANVIVAQLLFLEAD,16
Q5H434,AREILTLRSRLNEILAKHT,18
Q5H4N2,ARALAVGVATAEGVEFARELGN,21
Q5HE87,EFVDVTESIAIDRAKALF,17
Q5HE87,NNFKTYQQQVVKNAKVLAEALIN,22
Q5HE87,EEKLQQAKERVAKLTAE,16
Q5HEB7,RSEYEKYEHNILKLVNDK,17
Q5HEB7,EDVQLTLRNMALEAFKA,16
Q5HEB7,YPELITKLIELAKERHQDKQKNKYKID,26
Q5HHC2,KEEFSRIVEASKRIKEN,16
Q5HHC2,TEPAVAFRLFKQLVEERY,17
Q5HHC2,IDEVNTKAFEGTLLAHTD,17
Q5HHC2,EETFGYVVYFFELACAMSGYQL,21
Q5HII6,IGHAYSTVAGDVIARYKRM,18
Q5HII6,EIEYLDEMIAGIKQLWAK,17
Q5HII6,DLGNLVNRTISMVNKYF,16
Q5HII6,DEEMEAMALETVKSYTESME,19
Q5HII6,FSVALSTVWKFISRTNKYIDET,21
Q5HII6,KDMLGNVMAHLVENIRYAAVL,20
Q5HSJ4,KEKQALVDKIMLRVAGVMQA,19
Q5JD38,QKEKGKICLQVNQSYGLLRDY,20
Q5L084,QGIVQGTYETFAEVARQH,17
Q5L084,PKQYIARAKQSIAAHVRAMLAMQK,23
Q5L084,KEAEKRLERVLTTDPGLGVVRHAD,23
Q5L1S1,KRAGLRFLRKLQEQLFLE,17
Q5LC76,NTSVYELKAYVENIFKR,16
Q5LS56,TRQAMAVGTAGFTAMLAVMALED,22
Q5M0B4,AVIDVVETLAIERAKKLF,17
Q5M0B4,PAFKEYGENVIKNAAAMADVFNQ,22
Q5M0B4,PEVLERIRGDVKVLTDA,16
Q5M4W1,AVIDVVETLAIERAKKLF,17
Q5M4W1,PAFKEYGENVIKNAAAMADVFNQ,22
Q5M4W1,PEVLERIRGDVKVLTDA,16
Q5NEQ0,GVLIVEAMAQATAILGEL,17
Q5NFC4,IRQEVTKEKQRVKELVEKVV,19
Q5NFC4,EETLLNSISAREWLLDHY,17
Q5NFC4,YDNFEKLLAGAYSVDKHFKE,19
Q5NFC4,DNHQQALLANCFAQSQALMF,19
Q5NFC4,PYSLGALIALYEHKIFVQGVLW,21
Q5NFR4,EDTVKQRLSVYHAQTAKLIDFYR,22
Q5NFS1,QREYIAGMAEVVKYAFI,16
Q5NFS1,SVTLIEMVKRSCQIKAQVV,18
Q5NFS1,HGEAVGVGMAQAIDFSHY,17
Q5NH47,DHSANLVIAQLLFLESE,16
Q5NH47,ASDIEIHAKNILRIKDRLNKVLAHHT,25
Q5NHQ9,KAFTTQLVALAIFTLVIAKL,19
Q5NHQ9,SAPVVFTIPLQLLSYHVAIIK,20
Q5SGX2,ELKALKARYLGKKGLLTQEMK,20
Q5SHH5,PLAMAAGVAAIRYLERT,16
Q5SHN5,EMAFKIAGSMAIKEAVQ,16
Q5SHQ9,EETVRRRLEVYREKTEPLVGYYEA,23
Q5SHZ3,PGTQETVQELALKAYKV,16
Q5SID2,YLESAATGFLAGLNAARKA,18
Q5SID2,KKEKRQAMYRRGLEAFSAWLS,20
Q5SJR1,PEDAEAMHQAIRKALSERY,18
Q5SJS4,GYYAYLEDLGARLEAGLKEVLKE,22
Q5SJV1,KAHLEAQLKRALAEEIQ,16
Q5SJX7,GDLALYELALLRFAMDFMAR,19
Q5SJX7,LEASDRAFQELLENAEEILRL,20
Q5SKG7,PPAMAEAFRLAVEAGRKAYLA,20
Q5SKR5,PVALEMLAAKALARLARMG,18
Q5SLL6,AETLAGLAVFLKWLKAHL,17
Q5SLL6,LFQLLKAEAEATYEALAE,17
Q5SLL6,PYAVGWLMQHLMWQTAFLGEL,20
Q5SLQ3,VRRFLRQIEEAIVRVAAG,17
Q5SM01,TEACDWAEMLLRMYTRFAE,18
Q5SM01,QIKNKELALKILKARLYELERKKREEE,26
Q5SMH8,PFQGAATGVGGILRDIMS,17
Q5SMH8,ARSRYLLKGVVSGIAFYGNAI,20
Q5SMH8,PRLGAMHALAEACRNVSV,17
Q5SMH8,PEGYHELAETIAGLKEASEAL,20
Q5XBN5,YGQLKRDSDSIAAFIDS,16
Q5ZS31,PAGFFLKRNIVFERLRLLSRV,20
Q5ZVH3,SNERLWLESLLHPVIRKKIEEQLI,23
Q5ZVH3,GLSELKAKVNKLHQKYLREAKI,21
Q5ZX22,TIESIQSGVYYGVLGACKELIQRIHHE,26
Q5ZY48,CKLFYTIEKMVYILVERLK,18
Q5ZY78,PAAAVLYKAHKLLESLC,16
Q5ZYD0,NVLRLLCMTDVMNELIQG,17
Q63YH5,PDKVADQISDAILDAILAQ,18
Q63YH5,LPIHLSHRLVERQANLRR,17
Q63YH5,VDRSAAYAGRYVAKNIVA,17
Q65JX9,RDQIVAQMQKNKDYRKET,17
Q65JX9,AKDVLDLIAFIQKTIKEKY,18
Q6D5T7,PAARAAAFELMHESAGIVREL,20
Q6D5T7,HKNLWKLAVDGMRDLAG,16
Q6D5T7,HVEAAQLSIRFLKHIYRALDK,20
Q6G468,YKTALKLNDLLMPLNRA,16
Q6GGU4,FEQILSGYAEVYKHALLN,17
Q6GGU4,MDKYIAKGIETKLDIVVA,17
Q6GGU4,HGHAVMVGIIYQFIVANAL,18
Q6GIA4,GREVFKFAVRIMGDASTRVVEK,21
Q6N5P6,PLGHRVLKKIEQIVREEQNR,19
Q6N5P6,EAGARKSYNKMFVAYLRTFA,19
Q72I53,PDKLADRISDAILDALIAQ,18
Q72I53,LPITLAHRLTMRLAEVRK,17
Q72I53,VDRSASYYARYMAKNIVA,17
Q72L95,EEEVELARKVEEGMEAIKKLSEIT,23
Q72L95,KEHKRYLHIAREGEAARQHLIEA,22
Q72L95,FLDLIQEGNQGLIRAVEK,17
Q72L95,FSTYATWWIRQAINRAIAD,18
Q72L95,VHMVETINKLSRTARQL,16
Q72L95,VDAATQSLLSEELEKALS,17
Q72L95,RERIRQIENKALRKLKYHESR,20
Q73T33,GAAQLAYSVFTHRLRKYIGAYLAVL,24
Q74MD3,PLDLKEYVAEKLIEILEPARKYFLE,24
Q7ATH7,IGTRYIKLIFEFLKKER,16
Q7CJ65,EHVKVATIKRLNQMVIQFIDLSLITKQAHW,29
Q7CJ65,FVAVHEMLDGFRTALTDHLDTFAERAVQ,27
Q7CJ65,VQEHLKALAERYAIVANDIRKAITE,24
Q7CJ65,ENSADMFTAASRDLDKFLWFIES,22
Q7CR52,TEVVERLEYTLREFHEKLRDLLIS,23
Q7NGR7,IWDEAENRLHAQKAVLAALM,19
Q7RT90,GAEANETAYKLCRKWGYE,17
Q7RT90,LCENAEKLGGPFLENLKREL,19
Q7RT90,KEQLDECTEIIVKTVKFF,17
Q7VTJ9,TTPIGRAVTGTMLVAAMKE,18
Q7VTJ9,PGLALLFIAYERLVTGI,16
Q7VTJ9,EDTIEQYRENGRKLGRLLY,18
Q7Z144,PIQSFLEDRLEIMSEKL,16
Q81EP4,RLDLVEKNAKIFKQIVRSIMD,20
Q81EP4,EDEELKFDHSVQVLKETM,17
Q81JI9,REAFKEKLEQNLAQKNRLFEKMY,22
Q81K75,KEEFARIQKCAEKIKND,16
Q81K75,TEPALAFRIFRKLLEEKY,17
Q81K75,VDFVNTKAYEGTLLAHSD,17
Q81K75,EYTFGYLVYFFEKACAMSGYLL,21
Q81LD0,PESYVEFERKAEMLEAGLRKAAEK,23
Q81M99,VFEQAGNRLHAQKALLVSLFK,20
Q81Q29,SSEKQVSIMTGNEMIAN,16
Q81Q29,AELKERVNKASLACYKA,16
Q81Q29,YSKLLDMIIETSLRVRKEE,18
Q81TV3,GAEAVETAIKTARRWAYD,17
Q81U22,SPLATITLEQAKKLEKRLNEV,20
Q81WU4,PGQIEFGKLLVEELKEV,16
Q81WU4,ADDKAGLTEIMVAMNYLI,17
Q81WU4,RKNFEARKNTIENIVKQMQEKY,21
Q81WU4,VDVMEKAVQVIIEIARRFEEQ,20
Q81YV0,LYEKLDELGAMLEKGILEQAAK,21
Q81YV0,KEDIEYTIEAVGRAFAALAD,19
Q820T1,GRSIFDFAIKDVSQNIL,16
Q82MH6,ETTRRADSLCRRALKEAT,17
Q82ZE8,PEHLVQYAVLGSFYAEK,16
Q82ZE8,GFTGNAVLKSIEGTAMNMMSLLKTAI,25
Q831W7,PLANRVLEKLKTIMREEFE,18
Q831W7,EASLDQSYRDYEKAYSRIFER,20
Q834R3,VPFNIASYALLTHLIAHE,17
Q83EM7,VSDFDYEFQLAHMNYQL,16
Q83PB7,PQALHALLDKLAKSVTLYLNAQIK,23
Q88QP8,AELLELVEMEVRDLLST,16
Q89YR9,QLQVSTRIGDQVQLLEYF,17
Q89YR9,PEWLSTFLVEFAEQADFLVD,19
Q89YR9,GNILISQANALATAGTL,16
Q89YR9,AEKWMNTGYQILSEEVQN,17
Q89YR9,LHYHIGIVADFYEAMKLAEA,19
Q8CST1,ESEMLEAIFFGHEEIKRLVAFQQEIIDHI,28
Q8CST1,YAILNDLIKEEVRRLIA,16
Q8CST1,REVIEEALEQARQGRLAIMDHMLHT,24
Q8DCF5,TKEIQFLIDLSADLKKAKYA,19
Q8DCF5,VFDEAENRMHTIKAVMVATL,19
Q8DEM0,VGVNLVFKLLEKAAKVM,16
Q8DLK8,SYEHLDRITGKLVQGLLDAAR,20
Q8DTU0,AHGYRDCLHEFDERLPEIIA,19
Q8DUI9,VHEVIAIVNGWKEDLRLIMCA,20
Q8DWB2,ADLQAEIVGKYNADLQKAVQ,19
Q8DWB2,KKAREIATEAVKEHVTAEYEERY,22
Q8DWB2,HDRIMRDVAEILEQMEHAEVRRL,22
Q8E186,SHNVENALATIAVAKLA,16
Q8EVF5,TEEVQHLIDLSIDLKKAKY,18
Q8EVF5,AFDQAENRMHSIKAIILSTI,19
Q8G1R0,FAKALELQDRLMPLHKA,16
Q8KA85,YEEAAAQGLMAGINAVRKIL,19
Q8KA85,SDDLHRTESIIKRVQHCLEVMKT,22
Q8KA85,EGYIKREQLVADRIARL,16
Q8KAS1,RDELTMQIETLRSEVNRLIDSYQHGRIVSE,29
Q8KAS1,LRHYEALRNASDALQNAL,17
Q8KF02,DAEARTKLKVGVDKLANAV,18
Q8KF02,PVENMGAQMVREVASKTSDV,19
Q8KF02,TTTATVLAQAIYREGLKNVT,19
Q8KF02,PIDLKRGIDRAVKEVVAELRN,20
Q8KF02,EVEMKEKKARVEDALHATRAAVQE,23
Q8KF02,TKVTRSALENAASVASILL,18
Q8L1Z5,SADVAEVHAFIHHKMHSRFGDEG,22
Q8NS38,VPFNIASYALLTHMFAQQ,17
Q8NVG0,PSNKLAAVIGVVGEVVTTMAITVAREF,26
Q8NXE2,GREVFKFAVRIMGDASTRVVEK,21
Q8PMP0,LGHLVGYIQADIWVRARRL,18
Q8PMP0,PEAFIANVQASHERDFAA,17
Q8PMP0,VWLDAPIGYLCSFKTLCAQM,19
Q8PMP0,AAQYDRFVAALAPIREAYE,18
Q8PMP0,AASAIRQTMALADEANKYIDDT,21
Q8PMP0,DAQLQSVCTQGLNLFRILVAAL,21
Q8PWY1,FRELESELLSRRKKDLQQIYA,20
Q8PYJ6,ELIDSLLEYDAAWRECLIEGDDLKHKRNVVTREIAQLKK,38
Q8PYJ6,ASRINEMQGINSRIKELDDKIRDYKSKINEIM,31
Q8PYJ6,MGAKLERALINFMLDVHTR,18
Q8PYJ6,SYEELEKLTLDAEEILKLL,18
Q8RNM2,RDRFANKLTELLDYHNFVLT,19
Q8RPQ1,KTNVVEVLNKQVANWNVLYVKLHNYHWY,27
Q8RPQ1,FFTLHEKFEEFYNEAGTYIDELAERILA,27
Q8RPQ1,AEEMVQTLVNDYSALIQELKEGMEVAGE,27
Q8RPQ1,ATSADMLLAIHTTLEQHVWMLSAF,23
Q8RPQ2,VIEVLNKQVADWSVLFTKLHNFHWY,24
Q8RPQ2,FFTLHEKFEELYTESATHIDEIAERILA,27
Q8RPQ2,AEGMVEAIMKDYEMMLVELKKGMEIAQN,27
Q8RPQ2,EMTSDLLLGIYTELEKHAWMLRAFL,24
Q8TVD2,PAEIEPTVEEFVKEANE,16
Q8TVD2,PHEAAMRVRKRLAERLGRKH,19
Q8TVD2,PPMAALFEVLRDFLLER,16
Q8TVD2,PEEAERIREELLEATKRVAEE,20
Q8TZL3,EKVEELKKEIERLKKER,16
Q8TZL3,EEIAEKARKAIERMLEM,16
Q8U1S5,IKGAMRWWFRALAGSYF,16
Q8U1S5,ERVIKLATLSLWALVSL,16
Q8U1S5,IDEFKDSLKRVLDVTGEIL,18
Q8U1S5,TWEVLAQFNNSYKEYLRRRIKKYQRIIF,27
Q8U1T0,LEQRRGEYAYYVIKEVADL,18
Q8U1T0,KQLEEKYASLVKKAPVMILSN,20
Q8U1T0,YSKVLWATKEAIALLNWMRRFAVAM,24
Q8U1T1,GSAIKGVTRHLTYYVLA,16
Q8U1T1,RELTEKAFSLVKLALRD,16
Q8U438,AEAAKREILRAIEMYKE,16
Q8UCK6,SNAKSTVIGILNESLASVIDLALVTKQAHWN,30
Q8UCK6,FIAVHELLDTFRTQLDNHGDTIAERVVQ,27
Q8UCK6,IHDHLDALIERYGEVANMIRKAIDDSDE,27
Q8UCK6,PTTADIFTAASRDLDKSLWFLEA,22
Q8X607,RGLELLIAQTILQGFDAQYGRFLEVT,25
Q8X607,WHAVQQAMKNRIHLYDHHVGLVVEQLRC,27
Q8X607,QKHAKTESYREYLVYLQ,16
Q8X607,QQLRDAIEEYGNAIRQLAA,18
Q8Y4A6,FKEAVQASSIANVMIAAI,17
Q8Y614,PEDVDEFLDMVIKDYSTFTQEIEALQAENIRLVQEL,35
Q8Y8G1,VDTKEFLNHQVANLNVFTVKIHQIHWY,26
Q8Y8G1,FFTLHEKMDDLYSEFGEQMDEVAERLLA,27
Q8Y8G1,MDQLMEDLVGTLELLRDEYQQGIELTDKE,28
Q8Y8G1,NVTNDMLIAFKASIDKHIWMFKAF,23
Q8YF86,ATKLEATVAKLKKHWAE,16
Q8YF86,LPDVKHVLDRMAAFADGIRS,19
Q8YF86,IETMTNAQTARKWVADTL,17
Q8YF86,PDNFRKFLAGAHAMDVHFRD,19
Q8YF86,DHQHEMLMANCLAQSEALMK,19
Q8YF86,PYTLGRLIALYEHRVFVEAQIF,21
Q8YN91,AHPIRQLRANCLDILAEIEAR,20
Q8YN91,IISDIENIAAEISQLLATKDKGELLRT,26
Q8YN91,QRQAAALTQAKMSLEQVQAT,19
Q8ZA87,EEALERLFTALVTYREK,16
Q8ZBL9,VYETLTELTDSLATGLRHAAKE,21
Q8ZD36,ALETFFTSAFTFARRQYDQLLE,21
Q8ZFT7,GNEVFKVAVTELAHIVDETLQA,21
Q8ZH57,GVLILEAMAQATGILAFKSR,19
Q8ZIE8,RHNALNAAAAVAVATEE,16
Q8ZIV7,KETFAIKLKEIVEYHNFQLVH,20
Q8ZMX9,RHAVEFVASNARTCVQWLID,19
Q8ZMX9,NSLLECLVYGWSAAMDIDRR,19
Q8ZMX9,ADERVVIQHNWHELRLLMWDY,20
Q8ZMX9,TKRLERALRRITMLQQEIDEY,20
Q8ZMX9,NNLLELRNLVQVAELIVRCAMM,21
Q8ZWY4,EEWLRSAGQKLLKAYQEL,17
Q972I2,RKYLELISFSKKELDSR,16
Q972I2,APLARLEARIALEEFAKK,17
Q976I3,QEMQAVIKIQSLALKAFRETLYK,22
Q976I3,YNDVMQLLEKILHNIVKTIKEE,21
Q97C13,PSRDHAVSYQIGQRVMEIAVRY,21
Q97N97,VRESLEVQTMNMAKSVADLISST,22
Q97N97,EDVKEKLLRYARAALATGLM,19
Q97N97,REEKDRQWEFVIKMFMIGRDLMV,22
Q99ZA6,YGQLKRDSDSIAAFIDS,16
Q9AC32,DAIKAKMKDLVGADIAAAYK,19
Q9AC32,LGAIFKELEADVVRRGIL,17
Q9AC32,PAIMEQALAQAKEGRAHILGEMN,22
Q9CKB0,LKEALEIQHVTNDLIEGILAN,20
Q9EVR0,AGTNAKIMSSVMGEIVKR,17
Q9EVR0,HEAVEQELVQVAYDVINKK,18
Q9EVR0,DDELEKMHKAAQSVRSALDG,19
Q9GTX8,PAQAQEVHKVVRDWIRKH,17
Q9HKI3,PKTDEGLAKFLEDWKKV,16
Q9HLI6,DDTLKAVEEKHEAFLKLINSGK,21
Q9HLI6,VHIERDQEIELQKNLIRSH,18
Q9HLI6,SFMSGILSIAVMDAHDILENAIRSALLSFEA,30
Q9HLI6,IPQVYGSVADVIDYVENVLSVE,21
Q9HLI6,EPVALAADFLAIALTDLGNMVERRIARL,27
Q9HLI6,MIPQYTAAALCNRNKVL,16
Q9HLI6,GATGSLKLLEIIDNVRYIIAIEYLLGSQAL,29
Q9HV55,EKKAREVALFRQGKFREVKLARAHA,24
Q9HW02,LHNVLNSLATIVIATDE,16
Q9HW09,ILERLWRKLALNCAINPLTVLH,21
Q9HW09,PEEIAALCDELGQLLHA,16
Q9HW09,DAAARSLLEDVRAVIDA,16
Q9HXY7,GVLIIEAMAQAAGILGFKML,19
Q9HYR2,GKAVFGQAVTQMSDSVRRVLDRV,22
Q9HZ66,DDYVAIASKAEQDLRDLL,17
Q9HZ66,GVTAMEQRNRAKKDLLYKTIDA,21
Q9HZ66,LDAVEALVAYMAEFEKE,16
Q9I0M6,VARIEALEEQRKSVQTRTEQLQAERNARSKAIGQAKQ,36
Q9I0M6,APLLADVDRMGSELEEGKRQLDAIQGELDAML,31
Q9I0M6,GPIARLHRALAQFMINLHTAE,20
Q9I0M6,SYEALEGLTANAERVLQL,17
Q9I3D1,CIPSKALLDSSYKYHEAKE,18
Q9I3D1,VPAMVARKANIVKNLTGGIATLFKAN,25
Q9I6B4,PVMMAEAMKHAIVAGRLAYLA,20
Q9I742,SLAYKAIEAATVFCKLR,16
Q9K943,PSMEDYLERIYLLIEEK,16
Q9K943,AKGKKIGKRLVYRHDLLEDFLKMI,23
Q9KI21,YETAAKVVYQLIQRIEK,16
Q9KLJ3,GKEIFKRAVRGMGAAAQQVLARS,22
Q9KNV2,AREFAAGMAEVIKYGII,16
Q9KNV2,EQALTYAIARCCQIKAEVVAQDE,22
Q9KNV2,HGEAVSAGTVMAAKTAQL,17
Q9KPY2,QDLIRSELTEAADVLQKFL,18
Q9KPY2,DHNIAQIEAAAKLIADSF,17
Q9KPY2,ADRIQEVHIKIIHIIIQLIEKE,21
Q9KQH5,GNEVFKVAVTQLSKLVVDTLKA,21
Q9KQS5,MKMVAKMYGKAVRQDVLGEVMQRHFIEAIVK,30
Q9KQS5,GVDALKAEVRKNMERELKQAIKARIK,25
Q9KQS5,SALIDQEINVLRQQAAQR,17
Q9KQS5,EEQAKRRVVVGLLLGEVIRT,19
Q9KQU8,IVEDLLAARTNISPIFMRYAFKL,22
Q9KQU8,KESAERIMINVIESCEALV,18
Q9KQU8,ELKRQEILIAKTFNFYDYMLFQRLAF,25
Q9KQU8,PQARELAMEFYRQLLAVCQS,19
Q9KX08,IEKQFEINELLKIYENI,16
Q9LUE2,RGEFDELEREIETMKPLVKDMLM,22
Q9LUE2,DIMDEASSFAQNHLDSWI,17
Q9LUE2,KILLKFAKLNFNFCQFHYIQELKTLTKWWKDL,31
Q9LUE2,SLGRIIVAKIIMTMVVVDDT,19
Q9LUE2,DYLRTVLESVFEVMGEIEQEM,20
Q9LUE2,SYGVKQVLERFKNVAKADKQLTEWART,26
Q9LUE2,LIIQALNVMFRLANDVG,16
Q9LUE2,KEEASQELRKIYSNNKKVVMEEFMN,24
Q9LUE2,RQVLLRCLNFARLFDVMY,17
Q9PF20,YETAAHAAINIVAQLKT,16
Q9PHK7,GTSIARPLIAKTQAQIALQT,19
Q9PHK7,PGGTILLKAHRALESIT,16
Q9PHK7,REAAHLKDELMPKYASLIYN,19
Q9PHK7,QKDAAGFIKLNALRFIIAGK,19
Q9PIB4,GEKLKQNSLKAAAAFLS,16
Q9PIB4,IQHVEIARDIALKVNNEW,17
Q9PIB4,PSHLKEILDFGATKARKIAQEKMQKIYEKI,29
Q9PIH3,KVFEEVHFGAQEKAKKLY,17
Q9PIH3,LDKVHEKNSQKATMLYECID,19
Q9PIH3,LDQVKTLCEFMKEFQGKY,17
Q9PIK2,KEERKASLAISQSIFLAEKLVR,21
Q9PIR7,GTESIEGAMKTARKYAFN,17
Q9PIR7,ILENVNKLTPYLEQSLDELINE,21
Q9PJ29,FERLKNLVAFLAKLMEK,16
Q9PJ29,LINKQVLAAIGQPFLISVYNELL,22
Q9PLW0,GPLVMKEALKILTFIAQKY,18
Q9PLW0,KKEIERIARIAFESARI,16
Q9PMD9,KEAKKILENFTHPKIRAKILEQMQILDK,27
Q9PMD9,LEAAKARLDSQIDIEEKL,17
Q9PN58,AKSGLYGFLSFKAASYFVY,18
Q9PN58,EEEKIMEKAIAFVNAFLHS,18
Q9PN59,KKTLQAQFEKELQNLELCAKKGLE,23
Q9PNE6,INLVEKEWQEHQKIVQA,16
Q9PNE6,TARIQEMHILIIHTLCQIIDES,21
Q9PNU6,ADVIFEEARNRLYVVKALLCFLDN,23
Q9PPB4,YKEAKKINDELYNINKI,16
Q9R7D7,SKYNERFAETREALKRMQTR,19
Q9R7D7,ETLIKRARHAVYENNRTKIAQKAFVA,25
Q9R7D7,LTKFGELLNASHASLKD,16
Q9RHV9,ESKKTFITRSLIIQSMRRYLDS,21
Q9RHV9,FRDIMKLTENLIAHIATEVL,19
Q9RX51,PHMRRYVTGNARMWLRDY,17
Q9RX51,GEHARTLRLYRDLLRLRRE,18
Q9RZN1,EDLKKSVQALQNTLTELQALQLQTKQAHWN,29
Q9RZN1,WYTLHELLQDHYEGISKFADDVAERQLS,27
Q9RZN1,DAQVIQFFTYQYETVGQRIHQRVGDV,25
Q9RZN1,PTTANLLQEVEHIIEKYQWQMR,21
Q9UYB2,RDKVRRKIEELIAKFKE,16
Q9V011,PREIVDEFHEQIKITFQRA,18
Q9V011,ELDREALEEIEKAFKEVGELIM,21
Q9V011,FKDALKRVMSLASFGNRYFD,19
Q9V011,KVRTGTTVNISLQIVKALGILL,21
Q9V1P5,RNTVRMYTYYISKFFEE,16
Q9V1P5,TRSLNLVIQALKAYFKFE,17
Q9W7K5,RLNLVQRNVNIFKFIIPNIIKY,21
Q9W7K5,SDEEKQLVKSAETLWGVQ,17
Q9WXZ2,IGALLVGLSAAKGLAISL,17
Q9WXZ2,VEDVAASFQKAVVDILVEKTFRLARNL,26
Q9WY76,YQMRENILAVSVLYMEMF,17
Q9WYD1,PMTDLGIERFMEDWKKYLE,18
Q9WYW2,VYHIELTREIARRFNYL,16
Q9WYW2,CVDCKKLLLKNMKRKLAPIWENFRKIDE,27
Q9WYW2,YVDDVIMEGTKKAREVAAKTMEEVRRA,26
Q9WZF8,EEKVLEKYVERRIEDLRES,18
Q9WZF8,DRTLEILVNEAINRLKR,16
Q9WZF8,EEKFREELKERILDDIKRDRVIEVLAQEK,28
Q9WZF8,QDLREELRWAILKRKVLDLLL,20
Q9WZU8,HGMTVLIVLEQIFRAFKII,18
Q9X0Y2,SYMVQTFKERKNFVVERLKK,19
Q9X1A7,RENLKKLELLVHPLMKKRVQEIIN,23
Q9X2A1,GTAIARPLIAKRQVEIAEKE,19
Q9X2A1,PGATILWIAHRDLEGIT,16
Q9X2A1,KEVMHLRDMLAPKFAELIYN,19
Q9X2A1,ATDSKGFINIHALRLKVHQLVK,21
Q9X2A5,GTEANEAAIKIARKYGKKK,18
Q9X2A5,FLEEVEEKGNYLMKKLQEMKEE,21
Q9X2V5,EAAISRLITYLRILEEL,16
Q9Y9I9,VYSVSREAAKALEEAASEVLDRT,22
Q9Y9I9,GEALEIAVEGLRSSLKTVL,18
Q9YA64,MDLIRAAARIVRRVMEA,16
Q9YA64,PLDLKNAVAESLIEVVRPIRGAVL,23
Q9YAV0,QKRYEFVVSVLKKFMKG,16
Q9YAZ5,REQEVEKYVDRAAKRIVEEAARH,22
Q9YAZ5,SIVEAEGVLEEFLRRIAK,17
Q9YBQ2,MEDAVKILLPAVFFLATQR,18
Q9Z462,NSDARDRMLKGVNILADAV,18
Q9Z462,GTTTATVLAQAIVREGLKAVA,20
Q9Z462,PMDLKRGIDVATAKVVEAIK,19
Q9Z462,EIEVKERKDRVDDALNATRAAVQE,23
Q9Z462,AKVVRTALEDAASVAGLLI,18
Q9ZLI1,KDIIKLLNEQVNKEMNSSNLYMSMSSWCY,28
Q9ZLI1,DGAGLFLFDHAAEEYEHAKKLIIFLNE,26
Q9ZLI1,LTQIFQKAYEHEQHISESINNIVDHAIK,27
Q9ZLI1,QWYVAEQHEEEVLFKDILDKIELI,23
T2KN75,GETWDIRYKAFKDLIVYY,17
A0B5R2,GQCGNRILDAVNRQAFGGSRL,20
A0B5R2,RSKGKQGFWENQEMILEEIE,19
A0B5R2,IASAYDRINTMVAQRLLFLIEALDS,24
A0B5R2,PGLVELYEKAKWAIQEERERKDRARSELYEAFEQINDLEEIY,41
A0QQ45,HSQRSAFLAAQSAELTR,16
A0R3D3,VPTIVEQAADATELLIAQ,17
A1KVH5,PVNYLAKRFAAKEAFAKA,17
A1VZ59,YADVHKQSEYEFSKYNFE,17
A1VZ59,VKILNEQFENSYKECKNILE,19
A1VZ59,ALPAYDYCMLAAHTFNLLDAR,20
A1VZ59,VAQRQDYMLKIRELSKNCAEIYKKNL,25
A5F3M7,ALDDIRESIAELQFYRKA,17
A5F686,AKEQECLDAAVDESVRCLEILMKD,23
A5F692,RDLAMQICEHYVKVTDKL,17
A5F692,LEPFLAQMKALDDLIKS,16
A5TY69,RALAQSRQIAMYLCREL,16
A5TY69,HTTVMYAQRKILSEMAE,16
A5TY69,REVFDHVKELTTRIRQRS,17
A6TAP7,ASEQKLIDDAVDEAARCTEIWLKD,23
A6TB83,STEQHKLTQMAARFLQQ,16
A6TB83,VAGWEHDLHAAMNNIQDEIDLV,21
A6TE44,RELREEERNRGAAFARLLSDW,20
A6TE44,LPEMALSLGYSWIESAVMAGVKL,22
A6TE44,QQAAQQLILRLCDHYAAEMPRALA,23
B0R748,KQTRTNVQDALTSIKDR,16
B0R748,ARLRLEAIDNFYQEVAGMADDLF,22
B0V8J1,AEPLAKAINHAKQLASR,16
B0V8J1,HANIEKWRFLQRYQRTLER,18
B0VKR7,PDIDAELIMLTARLWKR,16
B0VKR7,QSKALVLAEQLRDQLEA,16
B2JF31,ARPLEDAINAAKAAQAE,16
B2JF31,HAEIEQWRRREALRNTWLK,18
B2S5B9,WETAEAHAPELIGRLMEA,17
B4EDA2,EQMTIDTAGRLKEICEKL,17
B4RL22,VGHLRSSIIGDSISRVLEF,18
B4RL22,ETVLALWKQFVDISLSHAQAVYDTL,24
B4RL22,LVDLLTEAVERATALVKEK,18
B4RL22,ADEAAKIGKTVGIGAVKYADL,20
B4RL22,APYLQYAYTRVQSVFRKA,17
B4RL22,HYLAAYLYQAATLFSRFYEA,19
B4RL22,GASRNSRLQLAKLTGNTLKQGLDL,23
B4RNT1,MGHVRNYTIGDVLSRFKLL,18
B4RNT1,PAAWTYDNIEYMKTQLKS,17
B4RNT1,DSGVEGAHRFLRRLWRTVYEYLKQG,24
B4RNT1,KELKDLRHKLHSTTAKVSDDYG,21
B4RNT1,EQGRAVAQEVLEAAVRLL,17
B5XYG3,YLPLSRLLNFYISSNLRRQAVLEQFL,25
B5XYG3,EELLKSWYINRFLKFREG,17
B7H226,KDLAFEIAETYIDICKRL,17
B9K884,PELIELVEMEVRDLLSQ,16
C1CMI5,PTGIQQSLGKLAQKYEK,16
C1CMI6,EYMVMASQLMLIKSRKL,16
C1CMI6,LGDDLEQDLLSQIEEYRKFKLLGEHLEAKHQERA,33
C3LPI9,AKEQECLDAAVDESVRCLEILMK,22
C6ECL5,EQRKANMLAHMETQNKIY,17
O05521,TAKRLPLYYRFLKNLHA,16
O07615,LKEAMVYGTAGFTAALSVHRLEQ,22
O25488,SSSIAGFFALKEACSKA,16
O28185,RGKLAVQVAHAAIIGYLK,17
O28417,IREIEQERASFAFKVVSDIKDK,21
O28417,KKVQGKYSSYAEKAPTIILNN,20
O28417,AENIAYAFLYKHLSTWLAE,18
O28417,AIDVAISTEEALSILNWIKKFAKAM,24
O29421,VVDKIVGEVRLAEEAEYIDRLLEGIAK,26
O30077,MTIGRAKVYATLSKIFYHLF,19
O30077,IAVELAFMSKLVEREISLAQ,19
O30077,EEELYKIRAAQHRFIKA,16
O30077,PLLNFVRDFVREDAKYLYSSLV,21
O31818,EEEKAEQQKLRQEYLKGFRSSMKNT,24
O34412,EAGRIIRSFIKIKEQYEDVQRF,21
O34412,YREISRKMREIKRELDL,16
O34412,DKVADFKRAENELQSILDEVSVEIGTAVS,28
O34520,PVSYRMKDDVIDEMASRLSLVVEGE,24
O57980,PKASAIMKVKETLIMAAREWLLK,22
O57980,LWDIMKVEEELVSYMVQRTLEL,21
O58698,VGHARTYTIPDVIARFKRMQ,19
O58698,PINIVKYFMKAAKETFIR,17
O58698,RKEVGKLRKQIERFYELISQFA,21
O58698,DIDRWMLHRLNKAIKETTNALE,21
O58698,EAKRYVLRTLADVWVRLM,17
O58698,ETIEAEEEFIRSVMEDIKEIIE,21
O59028,GQVVGYRSMKLAIKKAKDT,18
O59147,MGHARNAILGDVMARILRF,18
O59147,IDHALGLLYVEVNRRLED,17
O59147,RKLAEEVVRAQMVTTYKL,17
O59147,VDEVIQEAVKRARELIEEK,18
O59147,DEEKAEVAEKVGIGAIRYNLI,20
O59147,APYIQYAHARCSSILRKAEE,19
O59147,ERERELVIMLSKFPRIVEQAGK,21
O59147,HLIAWFANELASLFNKFYMD,19
O59147,VREARLLLVMAVEQVLKNALYL,21
O59153,KSFKFAWVMDRLKEERER,17
O59153,QKVFEKVKAQVEKLLKT,16
O59584,IGHIIPFFATKWLQEKF,16
O59584,CGECKRYLISKIQEFLKEHQRRRKKA,25
O66552,EEAILKKTEKWKRIVIEAMKQS,21
O66937,YEVVYEYKKELLEKAFK,16
O66937,SYWLRDYALYMAIKEEE,16
O66937,KGRFYFHVFVQFVFFKQWEKLRRYARE,26
O67081,YGEIFKRSEWEWSKYNF,16
O67081,TDMLFQVYEMFEKESKRMVEE,20
O67081,IFPAYDYLLKCSHVFNILDA,19
O67081,VQERARYIRRMNNLAREIAKLYLQVFE,26
O67367,GEEEKKFRELENYVLSKLS,18
O74017,KGKLAAQVAHGAVTAAFEAYKK,21
O74933,LFQIQAEKILKIEQLAQQYL,19
O74933,PTTCRNHYLERSSKWVIQ,17
O86785,VASLAARFAAKEALAKA,16
O87172,YGLLYAWKWPALKEAFRGFKEK,21
O87172,AEEVAFHAFTQWLFFRQWGALKAEAEA,26
O87949,FYSAVATLTLAWVKQDIAQLEPAVA,24
P0A2H9,MDVFVQQYADTVKYLVD,16
P0A3Y7,FDLELHELEQSFLGLGQLVLETASKALLALA,30
P0A3Y7,KEMAELIINKDHAINQGQSAIELTCARL,27
P0A3Y7,VSDLRFVISIMSSCSDLERMGDHMAGIAKAVL,31
P0A3Y7,EQLHQMGKLSLSMLADLLVA,19
P0A3Y7,DEQIDQYYYALSKEIIG,16
P0A3Y7,IPNGTQYLYIIGHLERFADYIANICERLVYLET,32
P0A515,LEQFLRDTANSLLDNLITE,18
P0A515,PAAKINWDRDIEYMAGIL,17
P0A515,DELFATIGVTFFGAGVISTGSFLTTALISLI,30
P0A515,SALGRRHAQIGIEALLKK,17
P0A882,PDEREALGTRVRIVEELLR,18
P0C2B2,FAIKGQMEKAKKLAMAY,16
P0C2B2,PEETLKLADYLIEKERA,16
P0CD66,DYYKEKVKEIVELRYKFLPYIYSLALEASEK,30
P0CL16,TYHIISQLESFVNQQEALKNIL,21
P16114,FNQILMQLRMSKAALLLLE,18
P23184,ESERGFSYHLIKRRLQELT,18
P23185,YRGYRMALMETGSMYQNAVLVADQ,23
P23186,TLKSIQGAIGEYFERRHFFN,19
P23186,LNDAIEGSLCEFMETQSLLLYWLQ,23
P23186,LKKALCKSVVELWQSYICLHNFLIG,24
P33788,LSNVSSMLLELGLRVYMIQ,18
P33788,QMEYNKLMLENVSRVRAMCTEILKMSVL,27
P33788,YAVIKPAIDKFAREQVSIF,18
P36151,KLTYDFAHHVLIDWEKRLS,18
P36203,KQKKSVLEKALKRIEENF,17
P36203,LQARLMSQALRKIAGSVN,17
P37565,PTASAALGRTMTASLMLG,17
P37975,ANEREILELKEDAFAQRRREIETRLRAANGKLADAIAK,37
P37975,PEVEAATQEVERAAGDLQRATLVHVFEMRAG,30
P44627,AERMDKKIQQWQKIAIAACEQC,21
P44688,AEQERQLKQDWEELMDLIV,18
P45340,ALDDIRESIKELAYYREH,17
P48515,EKDAEAVRELVKEQRGLQEKLAEEERR,26
P48515,LEAAKEIAEERKEERKAREEEEK,22
P52235,GDLGKDLTQAWAVAMAL,16
P56347,FHDQLKFAWLAGFVDAD,16
P58880,RHHLWEDIGITLGEALREN,18
P58880,AHHIVEAAFKGLGMALRVA,18
P62374,GKELRMHQRIVATARKVLEA,19
P62374,PILDAEAVVLLYECLKE,16
P63727,DLEDNMDILNDNLKVVEK,17
P63727,APELKAALTKMRAAALDA,17
P63727,PEMKDFRHGFDILVGQIDGALKLAN,24
P64373,DHHVTEDIGIVIGQLLLEMIKD,21
P64373,THHEIEAIFKAFSRALGIA,18
P66011,IVTATGDGSIAAQSAAEYIEHLND,23
P75170,PLAALLSGLAACELATANLMAPAK,23
P84066,KDVGAALYDRFCHFVRVA,17
P84152,KKEYSVYIKNYMQKILKYLEEK,21
P84152,VDVFKTKAQPLIKHILT,16
P94443,RQEASDLFKDQLQKRQAKLSDLQGSYEKL,28
P94443,FGHYLVLTKALEREKNYVSWLESILAMI,27
P9WGX1,GARVDKGLRRWRAVVRSAARQ,20
P9WJC7,AAQRGAFVDRQRDELTR,16
Q02RL6,HEHIRRWRLQQALGRTWER,18
Q08971,LEDIEKQFAVVAVEQAETYWKLLTS,24
Q0WFT9,LLQKIDANFNTVDSVLA,16
Q0WFT9,DADRNAMKGPITALAEDLAQLRGV,23
Q122C7,AATSKAFREKAYEVGWAGAMKQ,21
Q18AR0,REEQDELALASQNKAEKAQA,19
Q21XD7,FRDRLVRNFAAEVEKRS,16
Q21XD7,KDQRDMLMTVGAEMEKFALEAAKKDDIDVAAVYQK,34
Q2GHJ5,ISEVKQDAKSRMEKSLSVYLSDID,23
Q2GHJ5,QDMRKNLVKLLGKISEDCRVSIRNIRRDIMDRLKVMQD,37
Q2GHJ5,EDDLRVAGVEIQKITDDIMKKVNDAFTSKEKELL,33
Q2SWE3,PQDAGLWEFFEATVKSLLRA,19
Q2SWE3,DADAEIVMMCQRLWEDL,16
Q2SZ88,IDQYMTDVGRRARRASRSIAR,20
Q2SZ88,TAAKNAALEAVARAIER,16
Q2SZ88,LESNTALAKLIGEGLAE,16
Q2T1B9,KEEQDVIDAAIERALAVMPAVV,21
Q2YQX8,DNKYGCKESLVDGIRRGT,17
Q2YQX8,SFVMSASFTNQVLGQIELFT,19
Q315G1,AAEHAAWTGRYLDAHVQDSMRWAEEKH,26
Q3SZI4,NEERNLLSVAYKNVVGGRRSAWRVISSIEQ,29
Q3SZI4,LQLIKDYREKVESELRSICTTVLELLDK,27
Q3SZI4,PESKVFYLKMKGDYFRYLAEV,20
Q3SZI4,GDDRKQTIDNSQGAYQEAFDISKKE,24
Q3SZI4,PELACTLAKTAFDEAIA,16
Q3SZI4,EDSYKDSTLIMQLLRDNLTLW,20
Q44642,AREAMTANNEAMTKVLDAMKKA,21
Q44642,SAVINEARKRAVANAIAKAKTLADA,24
Q47015,PEKLENEIEVVVKSMENLYLVLHN,23
Q47VZ4,ALDDIKESIAELKVYREL,17
Q4FTX3,EDAHKQEVLRHQLTQQLIT,18
Q4FTX3,IAADIELIDVLFSMINS,16
Q4FTX3,TKIVTAIDELQRLKAHLQVQW,20
Q4FTX3,SAQRQLLLQQVASLRQQ,16
Q53W05,RGEYRDMALKLPVLVRQA,17
Q53W05,LLQYLRLTREVLAAAEWFKRFAQAL,24
Q56236,YRKRMEEELKAREREGVLKALRALLPVLDDLDRALE,35
Q56236,PESIRQGVRAIRDGFFRILAG,20
Q58899,HGEQTGKMLIEIEKVLLKE,18
Q58899,KERLKNIVEGIFEIIEIY,17
Q5F6E9,PKQRYETMAVADVRAACDVCLAEHES,25
Q5F6E9,RAQTLKAYAAYARGIAKRLA,19
Q5F6E9,TAIALAKAAYQDWEQYFT,17
Q5F6E9,VETLAARLQEDGLKQFEEAFEKLL,23
Q5F973,VPRATDVIKGIAQGCEES,17
Q5FAJ3,MGHVRNYTIGDVLSRFKLL,18
Q5FAJ3,PAAWTYDNIEYMKTQLKS,17
Q5FAJ3,DSGVEGAHRFLRRLWRTVYEYLK,22
Q5FAJ3,KELKDLRHKLHSTTAKVSDDYG,21
Q5FAJ3,EQGRAVAQEVLEAAVRLL,17
Q5HED0,EQRKIEFLAGRFATKEAFSKAL,21
Q5JER9,LHAVRQLKSYVEILREEY,17
Q5L3D0,PEKIAAIVKGVADGCVEA,17
Q5NLX3,SRQVTAMAQKLADRIKAAT,18
Q5SHS3,EAAISRLITYLRILEELEA,18
Q5SHZ2,LPVVERVLEAAKEAVWCWVRE,20
Q5SLL0,WREDLWQNRVHARMLHA,16
Q5SLL0,AEELEAILKGLDRIEEEIE,18
Q5SLL0,RNDQVATDLRLYLRGAIDELLALLLALRRVLVREAEK,36
Q5SLL0,LAHWFLAYYEMLKRDAGRLEDAKERL,25
Q5SLL0,DFALEVLSALNIGMLHLSRMAEELILY,26
Q5SLL0,KEPLLDALATYRDSLRLLAAL,20
Q5ZWA3,EELALETAGYLKEMCSQ,16
Q5ZWA3,MKQLLESLKAADEVYKKY,17
Q6G1R9,HKAIANWRQQQAESLTRQR,18
Q6GHJ5,HANIDAWRHEQKLIRTYNK,18
Q6GJ80,SQGLAEIAVESAKSALS,16
Q6GJ80,DDVTKVQEAVKLAQQKAEE,18
Q6LYG0,QKRIQKMAGRKIAEMAK,16
Q6LYG0,TASIEEHQFMNRAAAMSYGVLT,21
Q6NGI5,HAKIERWRREQSLKRTWEV,18
Q72HB8,KGRYQSLSRRYAEMGEVIGLIREYRKVLEDLEQAE,34
Q72HB8,PELKEMAKAEREALLARKEALEKELERHL,28
Q72HB8,GEEAALFARDLFNMYLRFAEEM,21
Q72HB8,QIKNREKALMILRSRLLEMKRAEEAERLRKTRLAQ,34
Q72HB8,TPILEALKRADQERQLAAL,18
Q72I01,EMAFKIAGSMAIKEAVQ,16
Q72I39,EAAISRLITYLRILEELEAQ,19
Q7P0E6,EDAILKKVAEEAAETLMASK,19
Q7P0E6,KLHLVREVADLWFHTMVLLTY,20
Q7P0P8,NRQVKALANSVQVKLKE,16
Q7X9A0,IDFFGALRARVYHDEVRKWVSEVGVDTIGKKL,31
Q81G00,EDKILKKIGEECAEVIIACK,19
Q81G00,KEEVVKEMVDVFYHCFVLLAE,20
Q81J58,SLALAYMGDAVYEQYIRYHLLQK,22
Q81J58,VQTYRHSTAFEALIGYHHL,18
Q81JG3,SRLTEFVAGRFAAKEAYSKA,19
Q81WL1,MGQQVLKFSNEKMEKAVAAYSRELA,24
Q81WL1,EERRRDLVKVVKKYAEEAKVAVRNVRRDGNDDLKKLEK,37
Q81WL1,EDDLRGYTEDIQKETDKYIAKVDEIAKNKEKEIM,33
Q81ZH0,PSKIENIVKGISEGCRQA,17
Q83C93,ALQDIRDSIEELRYYRAH,17
Q83EV9,YLPLSRLLSFYVTARQTLQQATYQFL,25
Q83EV9,AQVIQKWYIDRVLSFWR,16
Q87LT3,EKTRIYLRVESLLRQAHLA,18
Q87LT3,QYQLFFRALFDMVEIFEQ,17
Q87LT3,LKSELAKDLEKQRLSYR,16
Q87LT3,QEALNSLLNEIDVVHSQLMG,19
Q87RD1,FTGVRIGIGIAQGLAFG,16
Q88FI4,AELKALADEWRAHMIEAAA,18
Q88FI4,KADQEKMGIALGKLAQE,16
Q8A9M2,AIQAAKDKMDAGFEFMQKM,18
Q8A9M2,VEEYEANLKEIVAYAKQKQAET,21
Q8A9M2,FDVVARAAVQIKNAIDATIE,19
Q8A9M2,QKREKEHLAQMLTIARDYARA,20
Q8A9M2,EDIFIAHIAGMDAMARALESAAALLDE,26
Q8DR57,KVEVDEFLDDVIKDYETYAALVKSLRQEIADLKEEL,35
Q8DU64,EANSRETVAVYREYKQVVQNIADAQE,25
Q8DU64,ELEEMAKEELKNSKVAKEEYEEKLR,24
Q8DU64,DEAALFAGDLLNMYQKYAENQ,20
Q8DU64,QQKNRDKAMKIIRARVADHFAQIAQDE,26
Q8DU64,DEVIDALILYDQTQKLEE,17
Q8GRF5,INEIKKDAQERMDKSVEALKNNL,22
Q8GRF5,EERRKDLVKIVRGEAEGGRVAVRNIRRDANNDLKALLK,37
Q8GRF5,EDEDRKAQEEIQKLTDVAVKKIDEVLAAKEKELM,33
Q8PX75,LSELVNAAGEKLQDLELMGQKNAVRDFFKELI,31
Q8RDL3,KNYFFDLLQYNKTLSNRNSLLKKIK,24
Q8RDL3,LEIFDEKLAEYGARIIKVRNNYLEKLKNSMSKFLMEI,36
Q8RDL3,QGQKRTAALCLKLSELEILEEET,22
Q8U3Y2,TNATADHAFALLLATAR,16
Q8U3Y2,FEAREAMAELVARNLIAFK,18
Q8XAY0,EEAAAQGLLAGLNAARLS,17
Q8XAY0,DERWARFNEKLENIERERQ,18
Q8XDZ4,EEQRKANMLAHMETQNKIY,18
Q8YHF1,RDHAFEMAGRLKEMTDKL,17
Q8YMC2,PSEKRLELYLLDTIRRVYES,19
Q8YMC2,LLYDAQMPAIITEIFEAV,17
Q8YMC2,EQFNLGVSELETVITGVRN,18
Q8ZG78,ENLESGWKWAYLVKKHR,16
Q8ZG78,VNLATRMKQTIRARRKRHFN,19
Q8ZG78,LSDTVVQLIEDAERKEKYASQMSSLKQDLKDILD,33
Q8ZGZ1,LRYSAHTVSDEVFEKLT,16
Q8ZP84,PDERTAMRQGVISQRTAWIREQ,21
Q8ZP84,PSVYNDAIRGQHLLAMKALRQK,21
Q8ZPQ1,PSRSQGLEAMIRAIRAKAA,18
Q8ZQT5,LRYAGHTASDEVFEKLT,16
Q8ZRA1,TIADDALQDGARFFMARMK,18
Q97S61,AIATIVELVREVVEPVI,16
Q9EWK0,VHAIGKKVVEEAAEVWMAAEY,20
Q9EWK0,KDAAAEEISQLLYHVQVMMVA,20
Q9F1R2,TVAATFLDYLLTESQRIAAD,19
Q9HLW6,KGKIAAQVAHAAVTCAIRSMKI,21
Q9HLX5,PEDMDVEKFIFKTAEEAAEA,19
Q9HLX5,PEADAEVIALASSILDR,16
Q9K6Z0,PEWYKTKKNICDQMTEEINL,19
Q9K6Z0,ASADGEVIALMIAALKR,16
Q9K6Z0,EKGKTALAEMTKLYEVLES,18
Q9KCL9,QAIRQFWIDHCIASRKIGEYFGKEL,24
Q9KCL9,RIAAWTIGTRNVIKALLFAM,19
Q9KD89,EKQVQAIAHELKKVAQE,16
Q9KKP3,ASQCVTLIHNEIDHQEA,16
Q9KPA2,LGLAAMVDKIVAHNLSKVR,18
Q9KPB6,IERVEKALARSGENFARRI,18
Q9KPB6,QGRFLAKRFAAKEAASKA,17
Q9KQ21,AKEQECLDAAVDESVRCLEILMKD,23
Q9KV17,ALDDIRESIAELQFYRKA,17
Q9L9I0,TEQQATAQKIYDDYYTQTSALRQQLISKRYEYNALL,35
Q9L9I0,TAKINAVAKEMESLGQKLDEQRVKRDVAMAQ,30
Q9PNC0,GNQIYLLGLSILLSVKES,17
Q9PNC0,IPSLADWAKDKMLVLIKQNLEQ,21
Q9PNC0,PVYYINYAHARIHQVFAK,17
Q9PNC0,KIPDYLKNLAANFHKFYNE,18
Q9PNC0,ENDLLKLFSLVALSIKTAFSL,20
Q9PPK3,YADVHKQSEYEFSKYNFE,17
Q9PPK3,VKILNEQFENSYKECKNILE,19
Q9PPK3,ALPAYDYCMLAAHTFNLLDAR,20
Q9PPK3,VAQRQDYMLKIRELSKNCAEIYKK,23
Q9RVE0,ARYGEQLSRYERTVSQRNAALR,21
Q9RVE0,DDVLLKLGTEIMLFRRRALTRLDELAREANAQ,31
Q9RVE0,RGEGRTVALALRRAELELLREKF,22
Q9WX76,LKELYAETRSHMQKSLEVLEHNLA,23
Q9WX76,RRKDLVRAVRQYAEEGRVAIRNIRREALDKLKKLAKEL,37
Q9WX76,EDETKRAEAEIQKITDEFIAKADQLAEKKEQEI,32
Q9WY16,SKRLVSYYMCLERLLDE,16
Q9WY59,YGDVFLENEREFSVFNF,16
Q9WY59,VGLLFRHFDEYEKEFYRLVE,19
Q9WY59,YLPAYDYILKCSHTFNLLDA,19
Q9WY59,VSQRQTYVKRIQAMARKAARVFLEVQ,25
Q9WYC9,TREKNKAIKKIAEKLDE,16
Q9WYC9,RKEILEANRIDVEKARE,16
Q9WYC9,EKIAKEFLPVIVEELRK,16
Q9WZF6,RREFIAGRFALKEAFFKAL,18
Q9X0D2,REEVVSFLEKLQEVIEHDSN,19
Q9X0D3,LDDSLEVLEIIVESASEF,17
Q9X0D3,LSVREDLLSASSFLQEK,16
Q9X183,PEQMKNYGMEYAKIEEIENITNRIKETQEFI,30
Q9X183,IEKYEKELDQLYQELLFLL,18
Q9X183,EEAALFARDLFRMYTRYAERK,20
Q9X183,QYQNKQTALRILRARLYQLQKEQKE,24
Q9X1B4,YLATVVLGRALIGAALV,16
Q9X1J7,FEKELLEVVIHGILHLA,16
Q9X1J7,KEMFEKQKKYVEEVWGEW,17
Q9X1K1,KQLFLEQIDLDVKATNFYS,18
Q9X256,LNEKVEEFKKGVLKAGWFIEKMFRNSISSLVE,31
Q9X256,ESLAREVIADEEVVDQMEVEIQEKAMEVLGLF,31
Q9X256,KPLLTVTAGIRVAELIENIADKCHDIAKNVLEL,32
Q9X256,DIPAMANQTSEMLKFALRMFA,20
Q9X256,EVCRMDSKVDDLYEKVREELLLYMME,25
Q9X256,VKRALLLLEIAGNIEIIADYATNIVEVSVYMVQ,32
Q9X278,EWAKRVYRAMAYQIAKWIGKMAAV,23
Q9XDH5,AEAILHRALYELSVIERM,17
Q9XDH5,RTLTFLDEARRIVKESK,16
Q9XDH5,KSHAAAYSLLSYQTAYVKAH,19
Q9XDH5,RARLLASLEPLLRWAAETRERG,21
Q9Y924,CGECKQIAWEKLERFLAEHQSRLEKAKTIAW,30
Q9YAF1,KRTRQAVKRALSAAMDRL,17
Q9YAF1,ERIIEQMVDEFFKKVGEEASNLLVPLAE,27
Q9YAF1,QMYRDAVNAMEEFKLHLA,17
Q9YDD2,LRRQLELQREAAKRIVAEASKA,21
Q9YDD2,GVEGVKRLMENARAASIASA,19
